disease_id,disease_name,,,,,
C0020461,Hyperkalemia,,,,,
C0332606,Elfin facies,,,,,
C1838979,MITOCHONDRIAL COMPLEX I DEFICIENCY,,,,,
C1838608,Radial aplasia,,,,,
C1837404,"High, narrow palate",,,,,
C1837402,Flat occiput,,,,,
C0043352,Xerostomia,,,,,
C0231835,Tachypnea,,,,,
C0027659,"Neoplasms, Experimental",,,,,
C0027658,"Neoplasms, Germ Cell and Embryonal",,,,,
C1855285,Protruding ears,,,,,
C0240538,Convex nasal ridge,,,,,
C0020564,Hypertrophy,,,,,
C1839739,Prominent lower lip,,,,,
C4024748,Aplasia/Hypoplasia of the iris,,,,,
C0265677,Congenital hemivertebra,,,,,
C0149754,Cellulitis of periorbital region,,,,,
C1857287,Stroke-like episodes,,,,,
C2051831,Pectus excavatum,,,,,
C1854418,Biparietal narrowing,,,,,
C0030312,Pancytopenia,,,,,
C0340543,Familial primary pulmonary hypertension,,,,,
C1836653,Ascending aortic dissection,,,,,
C0240953,Winged scapula,,,,,
C0026351,Moderate mental retardation (I.Q. 35-49),,,,,
C0019158,Hepatitis,,,,,
C0019151,Hepatic Encephalopathy,,,,,
C3552713,Talipes foot deformities,,,,,
C4280678,Posterior displacement of the tongue,,,,,
C4280679,Increased calcium level in kidney,,,,,
C1868571,"Thick, flared eyebrows",,,,,
C0021831,Intestinal Diseases,,,,,
C0027404,Narcolepsy,,,,,
C0043094,Weight Gain,,,,,
C0001418,Adenocarcinoma,,,,,
C3806443,Puffy cheeks,,,,,
C4280495,Concave bridge of nose,,,,,
C0003811,Cardiac Arrhythmia,,,,,
C1837098,Easy fatigability,,,,,
C0741796,Recurrent bronchitis,,,,,
C0003486,Aortic Aneurysm,,,,,
C0700078,Decreased tendon reflex,,,,,
C4021664,Abnormality of the abdominal wall,,,,,
C0262404,Cerebellar degeneration,,,,,
C1837899,Isoelectric focusing of serum transferrin consistent with CDG type I,,,,,
C2265792,Skeletal muscle hypertrophy,,,,,
C0035334,Retinitis Pigmentosa,,,,,
C0022578,Keratoconus,,,,,
C1855340,Bowing of the long bones,,,,,
C1290857,Disorder of face,,,,,
C1840457,Loss of retinal pigment epithelium,,,,,
C0241054,Skin bulla,,,,,
C0265319,Fibrous skin tumor of tuberous sclerosis,,,,,
C0006267,Bronchiectasis,,,,,
C0424448,Mask-like facies,,,,,
C0020179,Huntington Disease,,,,,
C0024809,Marijuana Abuse,,,,,
C1277241,Delayed myelination,,,,,
C0000731,Abdomen distended,,,,,
C0000737,Abdominal Pain,,,,,
C0853897,Diabetic Cardiomyopathies,,,,,
C1842688,Hypoplasia of the brainstem,,,,,
C1842680,Hypoplastic lobules,,,,,
C0392163,Corneal erosion,,,,,
C0234985,Mental deterioration,,,,,
C0036202,Sarcoidosis,,,,,
C0277959,Coarse hair,,,,,
C0339535,"Night blindness, congenital stationary",,,,,
C0438237,Liver enzymes abnormal,,,,,
C0042024,Urinary Incontinence,,,,,
C0005741,Blepharitis,,,,,
C0024121,Lung Neoplasms,,,,,
C0005745,Blepharoptosis,,,,,
C0541794,Skeletal muscle atrophy,,,,,
C0005747,Blepharospasm,,,,,
C3277697,"Decreased visual acuity, progressive",,,,,
C0025521,Inborn Errors of Metabolism,,,,,
C4280807,Flattening of cranial vault,,,,,
C0600031,Congenital absence of spleen,,,,,
C1837463,Narrow face,,,,,
C3278811,Thumb aplasia,,,,,
C0376545,Hematologic Neoplasms,,,,,
C0743912,Increased ferritin,,,,,
C0431478,Posteriorly rotated ear,,,,,
C0271388,Pendular Nystagmus,,,,,
C0271385,Horizontal Nystagmus,,,,,
C0231679,Ulnar deviation of the fingers,,,,,
C0007384,Cataplexy,,,,,
C0009952,Febrile Convulsions,,,,,
C0020542,Pulmonary Hypertension,,,,,
C0020541,"Hypertension, Portal",,,,,
C3279149,"Liver dysfunction, mild",,,,,
C0020545,"Hypertension, Renovascular",,,,,
C3549698,Coxa valga deformity,,,,,
C0006386,Bunion,,,,,
C3840083,Late closure of anterior fontanel,,,,,
C0007273,Carotid Artery Diseases,,,,,
C0423798,Increased tendency to bruise,,,,,
C0751837,Gait Ataxia,,,,,
C0036920,Sezary Syndrome,,,,,
C2674608,Feeding difficulties in infancy,,,,,
C1442903,Exostoses,,,,,
C0239067,Difficulty walking up stairs,,,,,
C0038002,Splenomegaly,,,,,
C0008924,Cleft Lip,,,,,
C0008925,Cleft Palate,,,,,
C4024818,"Night blindness, progressive",,,,,
C1853562,Adult onset,,,,,
C0349506,Photosensitivity of skin,,,,,
C4280652,Prominent back of the head,,,,,
C4280653,Turridolichocephaly,,,,,
C4280651,Hypotrophic malar bone,,,,,
C4280656,Narrow cranium shape,,,,,
C4280654,Narrow skull shape,,,,,
C4280655,Narrow head shape,,,,,
C3806467,Respiratory insufficiency due to muscle weakness,,,,,
C1849538,Delayed eruption of primary teeth,,,,,
C2937358,Cerebral Hemorrhage,,,,,
C4021395,Abnormality of the antihelix,,,,,
C3280770,Cerebellar vermis aplasia or hypoplasia,,,,,
C1847879,X-linked dominant,,,,,
C0035313,Retinal Dysplasia,,,,,
C0544755,Genu varum,,,,,
C0241074,Skin hyperelastic,,,,,
C1859126,Stippled epiphyses,,,,,
C0265998,ANONYCHIA,,,,,
C4072879,Small cheekbone,,,,,
C0431448,Absent eyebrow,,,,,
C0685381,Congenital hypoplasia of radius,,,,,
C0431447,Synophrys,,,,,
C0029882,Otitis Media,,,,,
C0026010,Microphthalmos,,,,,
C2229182,"Psychomotor retardation, mild",,,,,
C0040997,Trigeminal Neuralgia,,,,,
C1850530,Flexion contractures of joints,,,,,
C0029089,Ophthalmoplegia,,,,,
C1846460,Malformed pinnae,,,,,
C1857679,Sloping forehead,,,,,
C0034194,Pyloric Stenosis,,,,,
C0266642,Situs ambiguus,,,,,
C0497156,Lymphadenopathy,,,,,
C0542346,Pimples,,,,,
C0266423,Congenital anomaly of testis,,,,,
C0427515,Neutrophil abnormality,,,,,
C3164374,Abnormality of pulmonary valve,,,,,
C4025821,Anterior hypopituitarism,,,,,
C0015310,Exotropia,,,,,
C0018671,Head and Neck Neoplasms,,,,,
C1832348,Slow-growing hair,,,,,
C0025500,Mesothelioma,,,,,
C0410264,Contracture of tendo achilles,,,,,
C4021254,Cutaneous finger syndactyly,,,,,
C0018099,Gout,,,,,
C1260899,"Anemia, Diamond-Blackfan",,,,,
C0263454,Chloracne,,,,,
C0031900,Pierre Robin Syndrome,,,,,
C0009398,Color vision defect,,,,,
C0001627,Congenital adrenal hyperplasia,,,,,
C0001624,Adrenal Gland Neoplasms,,,,,
C1850456,Progressive microcephaly,,,,,
C0035455,Rhinitis,,,,,
C0151480,Anti-nuclear factor positive,,,,,
C0079744,Diffuse Large B-Cell Lymphoma,,,,,
C0333913,Achromasia,,,,,
C0026884,Mutism,,,,,
C0018564,Hand deformities,,,,,
C0271901,Microcytic hypochromic anemia (disorder),,,,,
C0392775,Cystic medial necrosis of aorta,,,,,
C0392777,Poikiloderma,,,,,
C0003504,Aortic Valve Insufficiency,,,,,
C0023343,Leprosy,,,,,
C1848490,Protruding eyes,,,,,
C1845977,X- linked recessive,,,,,
C2053437,Full lower lip,,,,,
C0030354,Papilloma,,,,,
C1834752,"MYCOBACTERIUM TUBERCULOSIS, SUSCEPTIBILITY TO (finding)",,,,,
C0266362,Ambiguous Genitalia,,,,,
C0424323,Physical aggression,,,,,
C2227134,mandibular excess (physical finding),,,,,
C0554101,Villous atrophy,,,,,
C4025616,CNS hypomyelination,,,,,
C1853237,Isolated cases,,,,,
C1853235,Sclerocornea,,,,,
C3496069,cocaine use,,,,,
C0403553,Renal dysplasia and retinal aplasia (disorder),,,,,
C0027765,nervous system disorder,,,,,
C4082304,Oligodontia,,,,,
C0157733,hair abnormalities (non-specific),,,,,
C0014544,Epilepsy,,,,,
C0018790,Cardiac Arrest,,,,,
C0014549,Tonic-Clonic Epilepsy,,,,,
C0018799,Heart Diseases,,,,,
C0005283,beta Thalassemia,,,,,
C1836189,Radially deviated fingers,,,,,
C1836184,Short femoral neck,,,,,
C0334588,Giant Cell Glioblastoma,,,,,
C0262444,Dental abnormalities,,,,,
C0002452,Amelogenesis Imperfecta,,,,,
C0231791,Toeing-in,,,,,
C1848701,Elevated hepatic transaminases,,,,,
C1865992,Short hallux,,,,,
C0003850,Arteriosclerosis,,,,,
C0018939,Hematological Disease,,,,,
C0241013,Serum ferritin increased,,,,,
C0241011,Low serum estradiol levels,,,,,
C0158775,Congenital anomaly of spine,,,,,
C4023911,Aplasia/Hypoplasia of the breasts,,,,,
C0151811,Subcutaneous nodule,,,,,
C1860127,Impaired T cell function,,,,,
C1860121,Decreased testosterone in males,,,,,
C0431399,Familial aplasia of the vermis,,,,,
C0085605,Liver Failure,,,,,
C0085606,Urgency of micturition,,,,,
C0085602,Polydipsia,,,,,
C0242383,Age related macular degeneration,,,,,
C0694550,Recurrent pneumonia,,,,,
C0241178,Velvety skin,,,,,
C1857657,Decreased subcutaneous adipose tissue,,,,,
C1857656,Precociously senile appearance,,,,,
C0266625,Preauricular sinus,,,,,
C0266623,Congenital anomaly of neck,,,,,
C1846439,ODONTOID HYPOPLASIA,,,,,
C1846435,Short-trunked dwarfism,,,,,
C1846434,Hypoplastic scapulae,,,,,
C0037199,Sinusitis,,,,,
C0239989,Decreased IgM,,,,,
C0221766,Diastasis recti,,,,,
C1844947,Death in early childhood,,,,,
C4082173,Porencephaly,,,,,
C0036572,Seizures,,,,,
C4025844,Chorioretinal abnormality,,,,,
C4025845,Abnormality of the iris,,,,,
C4025846,Abnormality of vision,,,,,
C4280598,Flattening of head,,,,,
C4280595,Cranial defect,,,,,
C0558165,Curly hair (finding),,,,,
C4280597,Rhomboid shaped head,,,,,
C0235896,Infiltrate of lung,,,,,
C4280370,Depressed cheekbone,,,,,
C0002736,Amyotrophic Lateral Sclerosis,,,,,
C0431371,Absence of septum pellucidum,,,,,
C1836047,Long face,,,,,
C0014067,Occipital Encephalocele,,,,,
C0014065,Congenital cerebral hernia,,,,,
C1862314,Basal cell nevi,,,,,
C0853945,Oral mucosal blistering,,,,,
C0003466,"Anus, Imperforate",,,,,
C0003467,Anxiety,,,,,
C0003469,Anxiety Disorders,,,,,
C1850309,Mildly increased creatine kinase,,,,,
C0035126,Reperfusion Injury,,,,,
C0025988,Microglossia,,,,,
C2315100,Pediatric failure to thrive,,,,,
C0009917,Contracture,,,,,
C0017563,Gingival Diseases,,,,,
C0017567,Gingival Hypertrophy,,,,,
C0017565,Gingival Hemorrhage,,,,,
C1839798,Long nose,,,,,
C1839797,Deep philtrum,,,,,
C0270612,Leukoencephalopathies,,,,,
C1856468,"Round, full face",,,,,
C0007120,Bronchioloalveolar Adenocarcinoma,,,,,
C0265529,Plagiocephaly,,,,,
C0333068,Flexion contracture,,,,,
C0085298,Sudden Cardiac Death,,,,,
C0267963,Exocrine pancreatic insufficiency,,,,,
C0854110,Insulin resistant diabetes,,,,,
C0029124,Optic Atrophy,,,,,
C0266387,Bicornuate uterus,,,,,
C0154920,Pigmentary iris degeneration,,,,,
C1864711,Muscle biopsy shows dystrophic changes,,,,,
C0041948,Uremia,,,,,
C0020678,Hypotrichosis,,,,,
C0341703,Adult Fanconi syndrome,,,,,
C0341706,Glycinuria,,,,,
C0020672,"Hypothermia, natural",,,,,
C0020676,Hypothyroidism,,,,,
C0206686,Adrenocortical carcinoma,,,,,
C0282527,Infantile Refsum Disease (disorder),,,,,
C0282525,"Adrenoleukodystrophy, Neonatal",,,,,
C0001125,"Acidosis, Lactic",,,,,
C0001126,Renal tubular acidosis,,,,,
C0520927,Decreased fertility,,,,,
C1861324,Short philtrum,,,,,
C0557874,Global developmental delay,,,,,
C1842876,Depressed nasal ridge,,,,,
C0239174,Late tooth eruption,,,,,
C0398623,Thrombophilia,,,,,
C1850794,"Muscle atrophy, proximal",,,,,
C0043459,Zellweger Syndrome,,,,,
C4083050,Agenesis of teeth,,,,,
C0003873,Rheumatoid Arthritis,,,,,
C0003872,"Arthritis, Psoriatic",,,,,
C1850171,Short limb dwarfism recognizable at birth,,,,,
C1855676,Cerebellar vermis aplasia/ hypoplasia,,,,,
C0018916,Hemangioma,,,,,
C0009763,Conjunctivitis,,,,,
C0017979,Glycosuria,,,,,
C4072835,Kinky hair texture,,,,,
C4072834,Rough hair texture,,,,,
C4072837,Fractured hair,,,,,
C4072836,Nappy hair texture,,,,,
C4072831,Delayed closure of the soft spot on the skull,,,,,
C4072833,Funny looking face,,,,,
C4072832,Distortion of face,,,,,
C0023798,Lipoma,,,,,
C0085623,Akinesia,,,,,
C0023794,Lipoidosis,,,,,
C0020443,Hypercholesterolemia,,,,,
C0020445,"Hypercholesterolemia, Familial",,,,,
C1849937,"Short limb dwarfism, disproportionate",,,,,
C1843392,Death in childhood,,,,,
C1846149,Progressive mental retardation,,,,,
C0024312,Lymphopenia,,,,,
C3203102,Idiopathic pulmonary arterial hypertension,,,,,
C0040485,Torticollis,,,,,
C1843479,"Neurogenic muscle atrophy, especially in the lower limbs",,,,,
C0149521,"Pancreatitis, Chronic",,,,,
C4025860,Hearing abnormality,,,,,
C1858452,Thickened calvaria,,,,,
C4280574,Problems speaking,,,,,
C1844548,Hypoplastic finger,,,,,
C0024141,"Lupus Erythematosus, Systemic",,,,,
C0001807,Aggressive behavior,,,,,
C0038238,Steatorrhea,,,,,
C0005587,"Depression, Bipolar",,,,,
C0005586,Bipolar Disorder,,,,,
C0019322,Umbilical hernia,,,,,
C1567435,Polycystic Kidney - body part,,,,,
C1866134,Wide anterior fontanel,,,,,
C4020747,Biopsy shows villous atrophy,,,,,
C0575802,Small hand,,,,,
C1837770,Sparse hair,,,,,
C0264142,Spade-like hand,,,,,
C0263490,Brittle hair,,,,,
C0026848,Myopathy,,,,,
C0026847,Spinal Muscular Atrophy,,,,,
C0026846,Muscular Atrophy,,,,,
C0035412,Rhabdomyosarcoma,,,,,
C0035410,Rhabdomyolysis,,,,,
C1857202,Frequent vomiting,,,,,
C1857206,Laterally sparse eyebrows,,,,,
C0520966,Abnormal coordination,,,,,
C3714796,Isolated somatotropin deficiency,,,,,
C1855538,Small face,,,,,
C0576860,Narrowing of ear canal,,,,,
C0009241,Cognition Disorders,,,,,
C0266011,Accessory nipple,,,,,
C0266013,Congenital hypoplasia of breast,,,,,
C0006413,Burkitt Lymphoma,,,,,
C0578038,Thin lips,,,,,
C0030469,Paranasal Sinus Diseases,,,,,
C0021655,Insulin Resistance,,,,,
C1862939,AMYOTROPHIC LATERAL SCLEROSIS 1,,,,,
C0007095,Carcinoid Tumor,,,,,
C2677869,Hair shaft abnormalities,,,,,
C1876165,Copper-Overload Cirrhosis,,,,,
C4024878,Generalized hyperpigmentation,,,,,
C0011175,Dehydration,,,,,
C0020302,Hydrophthalmos,,,,,
C0020305,Hydrops Fetalis,,,,,
C1868577,Patella aplasia-hypoplasia,,,,,
C0020651,"Hypotension, Orthostatic",,,,,
C1849121,Thin face,,,,,
C0236733,Amphetamine-Related Disorders,,,,,
C0575071,Gowers sign present,,,,,
C0221263,Cafe-au-Lait Spots,,,,,
C0221260,Dystrophia unguium,,,,,
C0008325,Cholecystitis,,,,,
C0005138,Berylliosis,,,,,
C0920299,Overriding toe,,,,,
C4025650,Abnormality of lipid metabolism,,,,,
C1328931,Multiple lentigines,,,,,
C2673410,Small midface,,,,,
C0334092,Hamartomatous polyp,,,,,
C1850776,Rapidly progressive disorder,,,,,
C0032285,Pneumonia,,,,,
C1836940,Excess nuchal skin,,,,,
C0002418,Amblyopia,,,,,
C0522214,Abnormal visual evoked potential,,,,,
C4083076,Increased head circumference,,,,,
C0263537,Onychogryposis,,,,,
C0012236,DiGeorge Syndrome,,,,,
C0158734,Polydactyly of toes,,,,,
C0158731,Congenital pectus carinatum,,,,,
C0018979,Hemianopsia,,,,,
C0158733,Hand polydactyly,,,,,
C0265974,Birthmark,,,,,
C1866934,Decreased to absent deep tendon reflexes,,,,,
C0543541,HYPERGLYCINURIA (disorder),,,,,
C0031256,Petechiae,,,,,
C0376628,Chromosome Breakage,,,,,
C3854388,Hyperferritinaemia,,,,,
C3279222,Cerebellar hypoplasia and atrophy,,,,,
C1839326,Abnormally-shaped vertebrae,,,,,
C1565489,Renal Insufficiency,,,,,
C1167918,CSF lactate increased,,,,,
C0264886,Conduction disorder of the heart,,,,,
C0007134,Renal Cell Carcinoma,,,,,
C0007137,Squamous cell carcinoma,,,,,
C0007131,Non-Small Cell Lung Carcinoma,,,,,
C0242698,"Ventricular Dysfunction, Left",,,,,
C0007138,"Carcinoma, Transitional Cell",,,,,
C0020796,Profound Mental Retardation,,,,,
C0740279,Atrophy of cerebellum,,,,,
C0266483,Pachygyria,,,,,
C0497202,Abnormal ocular motility,,,,,
C0025261,Memory Disorders,,,,,
C0010495,Cutis Laxa,,,,,
C0566899,Small labia majora,,,,,
C0024305,"Lymphoma, Non-Hodgkin",,,,,
C0024301,"Lymphoma, Follicular",,,,,
C0023518,Leukocytosis,,,,,
C0745730,Multiple lipomata,,,,,
C1854912,Short tubular bones,,,,,
C1854919,Severe psychomotor retardation,,,,,
C0008519,Ectopic Tissue,,,,,
C1843663,Sphincter disturbances,,,,,
C0152191,"Scotoma, Central",,,,,
C3714757,Juvenile rheumatoid arthritis,,,,,
C0037221,Situs Inversus,,,,,
C3275417,Ragged-red fibers,,,,,
C0027540,Necrosis,,,,,
C0234132,Pyramidal sign,,,,,
C4280333,Recurrent sinus disease,,,,,
C0683322,Mental impairment,,,,,
C0426891,Broad thumbs,,,,,
C0002880,Autoimmune hemolytic anemia,,,,,
C0002886,"Anemia, Macrocytic",,,,,
C0002888,"Anemia, Megaloblastic",,,,,
C1836003,Facial diplegia,,,,,
C1836550,Loss of developmental milestones,,,,,
C0232940,Secondary physiologic amenorrhea,,,,,
C1860844,"Thin, sparse hair",,,,,
C0086543,Cataract,,,,,
C3203358,Hypoventilation,,,,,
C1855081,"MICROCEPHALY, PRIMARY AUTOSOMAL RECESSIVE, 1",,,,,
C0026827,Muscle hypotonia,,,,,
C0026826,Muscle Hypertonia,,,,,
C0026821,Muscle Cramp,,,,,
C1834405,Nail dysplasia,,,,,
C1859399,Radial bowing,,,,,
C0235063,Respiratory Depression,,,,,
C0265563,Congenital dislocation of radial head,,,,,
C0234629,Abnormal color vision,,,,,
C0266039,Taurodontism,,,,,
C0858867,Reticulocytopenia,,,,,
C0302501,Mandibular hyperplasia,,,,,
C0015371,Extrapyramidal Disorders,,,,,
C1855685,Extinguished electroretinogram,,,,,
C0037036,Sialorrhea,,,,,
C4024890,Excessive wrinkled skin,,,,,
C1857486,"Low-set, posteriorly rotated ears",,,,,
C0024530,Malaria,,,,,
C1858285,Decreased number of large and small myelinated fibers,,,,,
C0349588,Short stature,,,,,
C0575059,Spastic tetraparesis,,,,,
C3808377,"CATARACT 16, MULTIPLE TYPES",,,,,
C0221204,Lytic lesion,,,,,
C0221209,Pelvic kidney,,,,,
C0019284,Diaphragmatic Hernia,,,,,
C0151878,Prolonged QT interval,,,,,
C0018777,Conductive hearing loss,,,,,
C0018772,"Hearing Loss, Partial",,,,,
C0178417,Anhedonia,,,,,
C0239137,Coxa valga,,,,,
C1832117,Short upper arms,,,,,
C0239138,Hip joint varus deformity - observation,,,,,
C1848765,Sparse/absent eyebrows,,,,,
C0917796,"Optic Atrophy, Hereditary, Leber",,,,,
C0917798,Cerebral Ischemia,,,,,
C1833999,Pigmentary retinal degeneration,,,,,
C0878575,Peripheral demyelination,,,,,
C1833225,Dystrophic toenail changes,,,,,
C1389280,Basal ganglia calcification,,,,,
C3278401,Hair hypopigmentation,,,,,
C0206620,"Lymphangioma, Cystic",,,,,
C0005744,Blepharophimosis,,,,,
C4020958,Rough bone trabeculation,,,,,
C0031099,Periodontitis,,,,,
C0031090,Periodontal Diseases,,,,,
C1850135,Splayed metaphyses,,,,,
C4024665,High-grade hypermetropia,,,,,
C0345309,Hypoplasia of vagina,,,,,
C0702166,Acne,,,,,
C0476273,Respiratory distress,,,,,
C0544820,Hypomyelination,,,,,
C3551430,Sparse or absent eyebrows,,,,,
C4280808,Abnormally small eyeball,,,,,
C0037932,Curvature of spine,,,,,
C1145628,Autonomic nervous system disorders,,,,,
C2749463,Radial aplasia/hypoplasia,,,,,
C1835229,Onset of lymphedema around puberty,,,,,
C0595929,Serum cholesterol raised,,,,,
C3809811,"PARKINSON DISEASE 19, JUVENILE-ONSET",,,,,
C0023532,"Leukoplakia, Oral",,,,,
C0007117,Basal cell carcinoma,,,,,
C0023530,Leukopenia,,,,,
C1720508,Retinal pigment epithelial abnormality,,,,,
C1862761,Increased hepatocellular carcinoma risk,,,,,
C0237653,Immunologic Hypersensitivity,,,,,
C0279628,Adenocarcinoma Of Esophagus,,,,,
C1843687,"ATRIAL FIBRILLATION, FAMILIAL, 1 (disorder)",,,,,
C0004364,Autoimmune Diseases,,,,,
C1842153,Irregular vertebral endplates,,,,,
C0038271,Stereotyped Behavior,,,,,
C0038273,Stereotypic Movement Disorder,,,,,
C0024591,Malignant hyperpyrexia due to anesthesia,,,,,
C0015397,Disorder of eye,,,,,
C0015393,Eye Abnormalities,,,,,
C4280538,Curvature of little finger,,,,,
C4280533,Decreased calcification of skull,,,,,
C4280532,Decreased width of the skull,,,,,
C0027697,Nephritis,,,,,
C0015934,Fetal Growth Retardation,,,,,
C0993582,"Arthritis, Experimental",,,,,
C1317785,Tooth size discrepancy,,,,,
C0262361,abnormal growth,,,,,
C0017636,Glioblastoma,,,,,
C0013575,Ectodermal Dysplasia,,,,,
C1837731,Overfolded helix,,,,,
C1837732,Thickened helices,,,,,
C0017638,Glioma,,,,,
C0040136,Thyroid Neoplasm,,,,,
C0028768,Obsessive-Compulsive Disorder,,,,,
C1840087,Radial ray hypoplasia,,,,,
C1855710,Bone marrow hypocellularity,,,,,
C0241157,pustule,,,,,
C0270846,Epileptic drop attack,,,,,
C0270853,"Myoclonic Epilepsy, Juvenile",,,,,
C0270850,Idiopathic generalized epilepsy,,,,,
C0085762,Alcohol abuse,,,,,
C0039070,Syncope,,,,,
C0039075,Syndactyly,,,,,
C0917816,Mental deficiency,,,,,
C1860236,Irregular hyperpigmentation,,,,,
C0338502,Hypoplasia of the optic nerve,,,,,
C0031511,Pheochromocytoma,,,,,
C1336708,Testicular Germ Cell Tumor,,,,,
C0020617,Hypoglycemic coma,,,,,
C0020615,Hypoglycemia,,,,,
C0266052,Precocious exfoliation of primary tooth,,,,,
C0015230,Exanthema,,,,,
C0036095,Salivary Gland Neoplasms,,,,,
C0008677,"Bronchitis, Chronic",,,,,
C0426970,Spastic Quadriplegia,,,,,
C1836635,Loeys-Dietz Aortic Aneurysm Syndrome,,,,,
C0085576,Iron-Refractory Iron Deficiency Anemia,,,,,
C0013182,Drug Allergy,,,,,
C0034935,Babinski Reflex,,,,,
C0456909,Blind Vision,,,,,
C0035222,"Respiratory Distress Syndrome, Adult",,,,,
C0035229,Respiratory Insufficiency,,,,,
C0035228,Respiratory Hypersensitivity,,,,,
C0009691,Congenital cataract,,,,,
C0020429,Hyperalgesia,,,,,
C0020428,Hyperaldosteronism,,,,,
C1839364,Progressive visual loss,,,,,
C0011854,"Diabetes Mellitus, Insulin-Dependent",,,,,
C0011853,"Diabetes Mellitus, Experimental",,,,,
C0476254,Dyslexia,,,,,
C0040427,Tooth Abnormalities,,,,,
C0497247,Increase in blood pressure,,,,,
C0085684,Foot-drop,,,,,
C0085681,Hyperphosphatemia (disorder),,,,,
C0085682,Hypophosphatemia,,,,,
C0034065,Pulmonary Embolism,,,,,
C0034067,Pulmonary Emphysema,,,,,
C0034069,Pulmonary Fibrosis,,,,,
C0006845,"Candidiasis, Chronic Mucocutaneous",,,,,
C0233565,Bradykinesia,,,,,
C0023882,Little's Disease,,,,,
C0007114,Malignant neoplasm of skin,,,,,
C4024641,Enlarged polycystic ovaries,,,,,
C0423903,Low intelligence,,,,,
C1321884,Atresia of vagina,,,,,
C1837081,Tibial bowing,,,,,
C0037268,Skin Abnormalities,,,,,
C0575158,Kyphoscoliosis deformity of spine,,,,,
C4280517,Enlargement of craniofacial bones,,,,,
C4280516,Thick craniofacial bones,,,,,
C4280518,Hypertrophy of craniofacial bones,,,,,
C4277682,Chemical and Drug Induced Liver Injury,,,,,
C0005695,Bladder Neoplasm,,,,,
C4082243,Maxillary retrognathia,,,,,
C1849314,Absence of radius and ulna,,,,,
C1849311,Short first metacarpals,,,,,
C1842170,Centrally nucleated skeletal muscle fibers,,,,,
C0521573,Coloboma of eyelid,,,,,
C0151818,Opisthotonus,,,,,
C0018524,Hallucinations,,,,,
C0311277,"Obesity, Abdominal",,,,,
C4020858,Choreatic disease,,,,,
C4020859,Pyramidal tract disease,,,,,
C2675111,Abnormal eyelashes,,,,,
C4020851,Cortical white matter abnormalities seen on MRI,,,,,
C4020854,Neuro-degenerative disease,,,,,
C4020855,Respiratory function loss,,,,,
C4020856,Terminal tremor,,,,,
C0857973,Increased serum parathyroid hormone,,,,,
C0241210,Speech Delay,,,,,
C0026636,Mouth Diseases,,,,,
C4021107,Non-obstructive azoospermia,,,,,
C1850072,Tented upper lip,,,,,
C1855773,"Psychomotor retardation, profound",,,,,
C0279626,Squamous cell carcinoma of esophagus,,,,,
C0009447,Common Variable Immunodeficiency,,,,,
C0017658,Glomerulonephritis,,,,,
C1837249,"Malformations of Cortical Development, Group II",,,,,
C0038454,Cerebrovascular accident,,,,,
C0730292,Macular dystrophy,,,,,
C0730290,Cone dystrophy,,,,,
C4012968,Mild global developmental delay,,,,,
C0151686,Growth retardation,,,,,
C0431904,Ulnar polydactyly of fingers,,,,,
C0003028,Anhidrosis,,,,,
C0027080,Myoglobinuria,,,,,
C4228227,Small thymus,,,,,
C3887709,Optic Neuropathy,,,,,
C1859424,Increased chromosomal breakage,,,,,
C0007873,Uterine Cervical Neoplasm,,,,,
C0238395,Male Pseudohermaphroditism,,,,,
C0234378,Static Tremor,,,,,
C0234376,Action Tremor,,,,,
C1839604,Renal failure in adulthood,,,,,
C2677378,Duodenal villous atrophy,,,,,
C4025901,Abnormality of body height,,,,,
C4025900,Abnormality of female internal genitalia,,,,,
C0273115,Lung Injury,,,,,
C0473527,Hypoalphalipoproteinemias,,,,,
C0751778,"Myoclonic Epilepsies, Progressive",,,,,
C1837142,Poor suck,,,,,
C1446712,Overlapping fingers,,,,,
C0002962,Angina Pectoris,,,,,
C0241910,"Hepatitis, Autoimmune",,,,,
C1836926,Fundus with peripheral 'bony spicules',,,,,
C0282160,Aplasia Cutis Congenita,,,,,
C0158465,Acquired cubitus valgus,,,,,
C1837522,Decreased pain sensation,,,,,
C0349639,Juvenile Myelomonocytic Leukemia,,,,,
C1860614,ULNAR HYPOPLASIA,,,,,
C0018995,Hemochromatosis,,,,,
C0018991,Hemiplegia,,,,,
C0438717,Transaminases increased,,,,,
C0234979,Dysdiadochokinesis,,,,,
C1867446,Bulging forehead,,,,,
C0032226,Pleural Diseases,,,,,
C0852283,Respiratory Distress Syndrome,,,,,
C0003706,Arachnodactyly,,,,,
C1837385,Poor growth,,,,,
C1837388,Abnormal respiratory patterns,,,,,
C2981150,Uranostaphyloschisis,,,,,
C0220633,Uveal melanoma,,,,,
C0012833,Dizziness,,,,,
C0151740,Intracranial Hypertension,,,,,
C0151747,Renal tubular disorder,,,,,
C0151744,Myocardial Ischemia,,,,,
C1839839,MAJOR AFFECTIVE DISORDER 2,,,,,
C0917990,Acro-Osteolysis,,,,,
C0332563,Papule,,,,,
C0452138,"Sensorineural hearing loss, bilateral",,,,,
C0011875,Diabetic Angiopathies,,,,,
C0235833,Congenital diaphragmatic hernia,,,,,
C0578626,blue iris (physical finding),,,,,
C1853193,Recurrent skin infections,,,,,
C0155119,Recurrent erosion of cornea,,,,,
C0242584,Autoimmune thrombocytopenia,,,,,
C0338715,Drug-induced depressive state,,,,,
C1849089,Broad forehead,,,,,
C0004106,Astigmatism,,,,,
C1827524,Wide spaced nipples,,,,,
C0018055,"Gonadal Dysgenesis, Mixed",,,,,
C0018051,Gonadal Dysgenesis,,,,,
C0877165,Short phalanx of finger,,,,,
C0543888,Epileptic encephalopathy,,,,,
C4020878,Diffusely thickened skin,,,,,
C4020876,Dull intelligence,,,,,
C4020874,No development of motor milestones,,,,,
C4020875,Mental and motor retardation,,,,,
C4020873,Infratentorial atrophy,,,,,
C1861403,Variable expressivity,,,,,
C0426789,Short thorax,,,,,
C0600104,Obsessive compulsive behavior,,,,,
C0026650,Movement Disorders,,,,,
C1855751,Bulbous nasal tip,,,,,
C0002395,Alzheimer's Disease,,,,,
C0009421,Comatose,,,,,
C1833058,Small intestine biopsy shows villous atrophy,,,,,
C1837260,Prominent forehead,,,,,
C0268237,Cytochrome-c Oxidase Deficiency,,,,,
C1862265,Elevated gonadotropins,,,,,
C0878787,Growth failure,,,,,
C0029453,Osteopenia,,,,,
C0029456,Osteoporosis,,,,,
C0029454,Osteopetrosis,,,,,
C1269683,Major Depressive Disorder,,,,,
C3887499,Renal cyst,,,,,
C0542223,Loss of speech,,,,,
C0155320,"Blindness, Cortical",,,,,
C0017639,Gliosis,,,,,
C0025958,Microcephaly,,,,,
C0027066,Myoclonus,,,,,
C0149931,Migraine Disorders,,,,,
C1843108,Short hands,,,,,
C0039446,Telangiectasis,,,,,
C0041834,Erythema,,,,,
C0024003,Lordosis,,,,,
C3161330,Profound intellectual disabilities,,,,,
C0334013,Phrynoderma,,,,,
C0222716,Structure of wormian bone,,,,,
C3278975,Attenuation of retinal blood vessels,,,,,
C0393525,Progressive cerebellar ataxia,,,,,
C0238207,Ectopic kidney,,,,,
C0234958,muscle degeneration,,,,,
C0001768,Agammaglobulinemia,,,,,
C0032209,Platybasia,,,,,
C1847906,Onion bulb formation,,,,,
C0012819,Diverticular disease of colon,,,,,
C0012811,Colon diverticulum anatomic structure,,,,,
C0040053,Thrombosis,,,,,
C4021800,Enamel abnormalities,,,,,
C1837108,Decreased muscle mass,,,,,
C0151766,Liver function tests abnormal finding,,,,,
C1859236,Prolonged neonatal jaundice,,,,,
C1861218,Hypoplastic ilia,,,,,
C0042900,Vitiligo,,,,,
C4021734,Abnormality of mitochondrial metabolism,,,,,
C4021735,Abnormality of the hip bone,,,,,
C3552853,"Color vision defect, severe",,,,,
C0149630,Bicuspid aortic valve,,,,,
C0587246,Muscle weakness of limb,,,,,
C0410916,Neonatal Death,,,,,
C1856694,Areflexia of lower limbs,,,,,
C0030567,Parkinson Disease,,,,,
C0010417,Cryptorchidism,,,,,
C1857079,Atretic auditory canal,,,,,
C0237326,Dyschezia,,,,,
C0427068,Monoparesis - leg,,,,,
C0427065,Distal muscle weakness,,,,,
C0427063,Shoulder girdle weakness,,,,,
C1844592,Soft skin,,,,,
C0158986,Neonatal hypoglycemia,,,,,
C0019693,HIV Infections,,,,,
C0748691,Shoulder weakness,,,,,
C1844749,Rib fusion,,,,,
C0152116,Spasmodic torticollis,,,,,
C0426817,Short ribs,,,,,
C0040264,Tinnitus,,,,,
C0426818,Thin rib,,,,,
C1866190,Atresia of the external auditory canal,,,,,
C1866195,Downturned corners of mouth,,,,,
C0022568,Keratitis,,,,,
C4020813,Increased gastric cancer,,,,,
C0032927,Precancerous Conditions,,,,,
C1840069,Sandal gap,,,,,
C0685840,Congenital hypoplasia of ovary,,,,,
C0013336,Dwarfism,,,,,
C1855009,Psychomotor regression in infants,,,,,
C0009404,Colorectal Neoplasms,,,,,
C0271183,Severe myopia,,,,,
C0345996,Milium Cyst,,,,,
C2674574,"Aortic aneurysm, familial thoracic 3",,,,,
C0023904,"Liver Neoplasms, Experimental",,,,,
C0023903,Liver neoplasms,,,,,
C0221170,Muscular stiffness,,,,,
C0740392,"Infarction, Middle Cerebral Artery",,,,,
C0740394,Hyperuricemia,,,,,
C0030193,Pain,,,,,
C1867103,Limited elbow extension,,,,,
C0036349,Paranoid Schizophrenia,,,,,
C1854838,Progressive neurologic deterioration,,,,,
C0036341,Schizophrenia,,,,,
C0333641,Atrophic,,,,,
C1301509,Severe visual impairment,,,,,
C0001969,Alcoholic Intoxication,,,,,
C0162429,Malnutrition,,,,,
C0431362,Lobar Holoprosencephaly,,,,,
C0431363,Alobar Holoprosencephaly,,,,,
C0021051,Immunologic Deficiency Syndromes,,,,,
C0233315,Premature birth of newborn,,,,,
C1305420,Prominent ear,,,,,
C0004245,Atrioventricular Block,,,,,
C0038379,Strabismus,,,,,
C0019209,Hepatomegaly,,,,,
C0019202,Hepatolenticular Degeneration,,,,,
C0240295,Mandibular hypoplasia,,,,,
C1862475,Abnormality of retinal pigmentation,,,,,
C0240063,Coloboma of iris,,,,,
C1846950,Short middle phalanges,,,,,
C1510497,Lens Opacities,,,,,
C0022353,Neonatal Jaundice,,,,,
C0038990,Sweating,,,,,
C0036508,Seborrheic dermatitis,,,,,
C0034012,Delayed Puberty,,,,,
C1833118,"Cataract, Pulverulent",,,,,
C0338503,Septo-Optic Dysplasia,,,,,
C2609414,Acute kidney injury,,,,,
C0240479,Neck muscle weakness,,,,,
C0040034,Thrombocytopenia,,,,,
C0040038,Thromboembolism,,,,,
C4021821,Abnormality of the urinary system,,,,,
C1836696,Lower limb hyperreflexia,,,,,
C0042963,Vomiting,,,,,
C0020619,Hypogonadism,,,,,
C0476397,Electroretinogram abnormal,,,,,
C0392557,Nuclear cataract,,,,,
C4021753,Abnormality of the immune system,,,,,
C4021759,Generalized myoclonic seizures,,,,,
C0034885,Rectal Neoplasms,,,,,
C0034880,Hyperacusis,,,,,
C1142166,Brugada Syndrome (disorder),,,,,
C0241703,High pitched voice,,,,,
C0265221,Walker-Warburg congenital muscular dystrophy,,,,,
C0948187,Tracheomalacia,,,,,
C0009363,Congenital ocular coloboma (disorder),,,,,
C1458155,Mammary Neoplasms,,,,,
C1839254,Small capital femoral epiphyses,,,,,
C1445953,Poor eye contact,,,,,
C1834696,Hyporeflexia of lower limbs,,,,,
C0007193,"Cardiomyopathy, Dilated",,,,,
C0007194,Hypertrophic Cardiomyopathy,,,,,
C0085110,Severe Combined Immunodeficiency,,,,,
C3150281,Fetal overgrowth,,,,,
C4023452,Elevated C-reactive protein level,,,,,
C0020595,Hypoaldosteronism,,,,,
C0020224,Polyhydramnios,,,,,
C0020598,Hypocalcemia,,,,,
C0037286,Skin Neoplasms,,,,,
C0011071,Sudden death,,,,,
C0086132,Depressive Symptoms,,,,,
C0042373,Vascular Diseases,,,,,
C0152427,Polydactyly,,,,,
C0152423,Congenital small ears,,,,,
C0152421,Macrotia,,,,,
C3277418,Gastrointestinal hamartomatous polyps,,,,,
C1848395,Large for gestational age,,,,,
C0856863,Broad-based gait,,,,,
C0033054,Prenatal Exposure Delayed Effects,,,,,
C0004509,Azoospermia,,,,,
C2267233,Neonatal Hypotonia,,,,,
C0014591,Epistaxis,,,,,
C0426870,Large hand,,,,,
C0005904,Body Temperature Changes,,,,,
C2132198,Abnormal blistering of the skin,,,,,
C0009171,Cocaine Abuse,,,,,
C4020838,Relative short stature,,,,,
C4020839,Multiple vertebral anomalies,,,,,
C0206160,Reticulocytosis,,,,,
C0043202,Wolff-Parkinson-White Syndrome,,,,,
C0432040,"Simple syndactyly of toes, first web space",,,,,
C0344559,Irido-corneo-trabecular dysgenesis (disorder),,,,,
C0003886,Arthrogryposis,,,,,
C0027125,Myotonia,,,,,
C1855062,Large dysplastic ears,,,,,
C0220994,Hyperammonemia,,,,,
C0085271,Self-Injurious Behavior,,,,,
C1856266,Coronal craniosynostosis,,,,,
C0027022,Myeloproliferative disease,,,,,
C0399385,Early tooth exfoliation,,,,,
C3714756,Intellectual Disability,,,,,
C1858574,Sparse axillary hair,,,,,
C1858573,Sparse pubic hair,,,,,
C0234133,Extrapyramidal sign,,,,,
C0028326,Noonan Syndrome,,,,,
C0154676,Organic writer's cramp,,,,,
C0154671,Degenerative brain disorder,,,,,
C1857130,Hypoplastic mandible condyle,,,,,
C0024228,Lymphatic Diseases,,,,,
C0239998,Recurrent infections,,,,,
C1832200,Peroxisome biogenesis disorders,,,,,
C0162154,Atrophic scar,,,,,
C0267812,Micronodular cirrhosis,,,,,
C0038356,Stomach Neoplasms,,,,,
C0038358,Gastric ulcer,,,,,
C1400105,Hypertrophy of nose,,,,,
C0156394,Hypertrophy of clitoris,,,,,
C0019080,Hemorrhage,,,,,
C0019087,Hemorrhagic Disorders,,,,,
C1704375,Hypophosphatemic Rickets,,,,,
C0241654,VALVULAR ABNORMALITY,,,,,
C0022336,Creutzfeldt-Jakob disease,,,,,
C0003507,Aortic Valve Stenosis,,,,,
C0014457,Eosinophilia,,,,,
C0311375,Arsenic Poisoning,,,,,
C0018681,Headache,,,,,
C0220697,"POLYDACTYLY, POSTAXIAL",,,,,
C0231246,Failure to gain weight,,,,,
C0236969,Substance-Related Disorders,,,,,
C0241355,Small testicle,,,,,
C0206754,Neuroendocrine Tumors,,,,,
C4021776,Abnormality of the voice,,,,,
C0544886,Somatic mutation,,,,,
C0011253,Delusions,,,,,
C0016689,Freckles,,,,,
C1848530,Abnormal visual pursuit,,,,,
C0235430,Ketonemia,,,,,
C0151721,Testicular hypogonadism,,,,,
C0151723,Hypomagnesemia,,,,,
C0280631,Leiomyosarcoma of uterus,,,,,
C4023616,Abnormality of immune system physiology,,,,,
C3544092,Urgency frequency syndrome,,,,,
C0037771,"Paraparesis, Spastic",,,,,
C0037772,Spastic Paraplegia,,,,,
C1856749,Hypoplastic-absent toenails,,,,,
C0279680,Transitional cell carcinoma of bladder,,,,,
C1262477,Weight decreased,,,,,
C1301959,Bulbar weakness,,,,,
C2112129,Postaxial foot polydactyly,,,,,
C0578682,Madarosis of eyebrow,,,,,
C0581354,Recurrent sinusitis,,,,,
C0041755,Adverse reaction to drug,,,,,
C0015625,Fanconi Anemia,,,,,
C4024202,Reduced number of teeth,,,,,
C0857460,Increased number of platelets,,,,,
C0036601,Self Mutilation,,,,,
C0022521,Kartagener Syndrome,,,,,
C0442874,Neuropathy,,,,,
C0235986,Growth hormone excess,,,,,
C1844704,Platyspondyly,,,,,
C0005612,Birth Weight,,,,,
C0014866,Esophageal Stenosis,,,,,
C0009806,Constipation,,,,,
C0156273,Bladder Diverticulum,,,,,
C0262374,Stricture of anus,,,,,
C1836150,Gait imbalance,,,,,
C2931822,Nasopharyngeal carcinoma,,,,,
C0027497,Nausea,,,,,
C0027498,Nausea and vomiting,,,,,
C0013595,Eczema,,,,,
C0013592,Ectropion,,,,,
C0948089,Acute Coronary Syndrome,,,,,
C0029927,Ovarian Cysts,,,,,
C0011991,Diarrhea,,,,,
C0344539,Hypoplasia of iris,,,,,
C0344530,Congenital keratoglobus,,,,,
C0344531,Embryotoxon,,,,,
C0023493,Adult T-Cell Lymphoma/Leukemia,,,,,
C1843700,Variation in muscle fiber size,,,,,
C2364082,Sense of smell impaired,,,,,
C1138421,Spider Veins,,,,,
C0000786,Spontaneous abortion,,,,,
C0266122,Cleft uvula,,,,,
C0001925,Albuminuria,,,,,
C0007787,Transient Ischemic Attack,,,,,
C0007786,Brain Ischemia,,,,,
C0007785,Cerebral Infarction,,,,,
C0007789,Cerebral Palsy,,,,,
C0162285,Edema of eyelid,,,,,
C0338656,Impaired cognition,,,,,
C2711227,Steatohepatitis,,,,,
C1866231,Full cheeks,,,,,
C1866234,Protruding lower lip,,,,,
C0576093,Knee joint valgus deformity,,,,,
C0541764,Delayed bone age,,,,,
C0027796,Neuralgia,,,,,
C0027794,Neural Tube Defects,,,,,
C0162820,"Dermatitis, Allergic Contact",,,,,
C0008031,Chest Pain,,,,,
C1859678,Mental deterioration in childhood,,,,,
C0752166,Bardet-Biedl Syndrome,,,,,
C0014474,Ependymoma,,,,,
C0206733,Strawberry nevus of skin,,,,,
C0345030,Peripheral pulmonary artery stenosis,,,,,
C4021790,Abnormality of the skeletal system,,,,,
C4021792,Abnormality of the clavicle,,,,,
C4021797,Abnormality of the thorax,,,,,
C0017178,Gastrointestinal Diseases,,,,,
C0151529,Bleeding time prolonged,,,,,
C0151526,Premature Birth,,,,,
C0018800,Cardiomegaly,,,,,
C0018802,Congestive heart failure,,,,,
C0009324,Ulcerative Colitis,,,,,
C0271578,Female hypogonadism syndrome,,,,,
C1442988,Rudimentary vagina,,,,,
C1865572,Proximally placed thumbs,,,,,
C0003123,Anorexia,,,,,
C0003126,Anosmia,,,,,
C1858430,Death in infancy,,,,,
C3714497,Reactive airway disease,,,,,
C0677050,Manganese Poisoning,,,,,
C0751883,"Congenital Myasthenic Syndromes, Postsynaptic",,,,,
C0085159,Seasonal Affective Disorder,,,,,
C0039621,Tetany,,,,,
C0027947,Neutropenia,,,,,
C3665596,Warts,,,,,
C0010964,Dandy-Walker Syndrome,,,,,
C0037822,Speech Disorders,,,,,
C0748140,Multiple pulmonary infections,,,,,
C0870082,Hyperkeratosis,,,,,
C0423250,Corneal stromal opacities,,,,,
C0750937,"Ataxia, Appendicular",,,,,
C4025790,Specific learning disability,,,,,
C1861866,Hypoplasia or absence of the corpus callosum,,,,,
C1861869,Underdeveloped supraorbital ridges,,,,,
C1398312,Narrow palate,,,,,
C0010036,Corneal dystrophy,,,,,
C0553692,Brain hemorrhage,,,,,
C0019189,"Hepatitis, Chronic",,,,,
C0021359,Infertility,,,,,
C0013604,Edema,,,,,
C0005944,Metabolic Bone Disorder,,,,,
C0005941,"Bone Diseases, Developmental",,,,,
C1865017,Thin upper lip vermilion,,,,,
C1865014,Long philtrum,,,,,
C0746674,Generalized muscle weakness,,,,,
C1961102,Precursor Cell Lymphoblastic Leukemia Lymphoma,,,,,
C1969913,"Hyperkeratosis, generalized",,,,,
C0521620,Dilatation of ureter,,,,,
C0011581,Depressive disorder,,,,,
C0151889,Hyperreflexia,,,,,
C0011606,Exfoliative dermatitis,,,,,
C0011609,Drug Eruptions,,,,,
C0006142,Malignant neoplasm of breast,,,,,
C0392476,Epiphyseal dysplasia,,,,,
C0700208,Acquired scoliosis,,,,,
C0427149,"Gait, Drop Foot",,,,,
C0023473,"Myeloid Leukemia, Chronic",,,,,
C0023470,Myeloid Leukemia,,,,,
C0243026,Sepsis,,,,,
C4021550,Elevated follicle stimulating hormone,,,,,
C2242472,Infection of bone,,,,,
C0745103,Hyperlipoproteinemia Type IIa,,,,,
C0431659,Hypoplasia of scrotum,,,,,
C1136179,Hammer Toe,,,,,
C0162119,Hemoglobin low,,,,,
C0423110,Downward slant of palpebral fissure,,,,,
C0423112,Short palpebral fissure,,,,,
C0423113,Telecanthus,,,,,
C1800706,Idiopathic Pulmonary Fibrosis,,,,,
C0036857,Severe mental retardation (I.Q. 20-34),,,,,
C0553730,Calcium pyrophosphate deposition disease,,,,,
C0747085,Recurrent otitis media,,,,,
C1849211,Generalized hirsutism,,,,,
C2830004,Somnolence,,,,,
C0742906,C-reactive protein increased,,,,,
C0236663,Alcohol withdrawal syndrome,,,,,
C0426429,Broad nasal tip,,,,,
C0238288,"Muscular Dystrophy, Facioscapulohumeral",,,,,
C0338831,Manic,,,,,
C0426422,Narrow nose,,,,,
C0426421,Wide nose,,,,,
C1263857,Peripheral axonal neuropathy,,,,,
C0376175,Bell Palsy,,,,,
C4021551,Absence of secondary sex characteristics,,,,,
C3553764,Joint hyperflexibility,,,,,
C0022661,"Kidney Failure, Chronic",,,,,
C0334634,"Malignant lymphoma, lymphocytic, intermediate differentiation, diffuse",,,,,
C1142533,Smooth philtrum,,,,,
C1385263,facial deformity,,,,,
C0520743,Mediastinal lymphadenopathy,,,,,
C1857949,Prominent metopic ridge,,,,,
C0086795,Pfaundler-Hurler Syndrome,,,,,
C2931456,"Prostate cancer, familial",,,,,
C0018824,Heart valve disease,,,,,
C1848570,"Large, floppy ears",,,,,
C2931673,"Ceroid lipofuscinosis, neuronal 1, infantile",,,,,
C0584837,Choanal stenosis,,,,,
C1866862,Highly variable severity,,,,,
C0240543,Bulbous nose,,,,,
C0027960,Nevus,,,,,
C0020534,Orbital separation excessive,,,,,
C0020538,Hypertensive disease,,,,,
C1839764,Broad flat nasal bridge,,,,,
C1839767,Inverted V-shaped upper lip,,,,,
C0270685,Cerebral calcification,,,,,
C1849020,Short metatarsal,,,,,
C1835581,Large protruding ears,,,,,
C1865037,Cone-shaped epiphyses,,,,,
C0424551,Impaired exercise tolerance,,,,,
C0265989,Congenital scar,,,,,
C3551052,"Night blindness, stationary",,,,,
C0563243,Poor coordination,,,,,
C0024437,Macular degeneration,,,,,
C0024433,Macrostomia,,,,,
C4280623,Rotting teeth,,,,,
C4280627,Failure of development of eyelashes,,,,,
C4280626,Aplasia of eyelashes,,,,,
C4280625,Decreased size of eyeball,,,,,
C4280624,Blind spot located at fixation point,,,,,
C4280629,Hyperplasia of nose,,,,,
C4280628,Malformation of the neck,,,,,
C0019163,Hepatitis B,,,,,
C0162323,Polyarthritis,,,,,
C4048273,Chorioretinal atrophy,,,,,
C4048270,Decreased antibody level in blood,,,,,
C4020898,Overactive bladder syndrome,,,,,
C4020899,Autosomal recessive predisposition,,,,,
C4020897,Uroureter,,,,,
C4020891,Pinched nasal bridge,,,,,
C4020892,Capuchin ears,,,,,
C0836924,Thrombocytosis,,,,,
C1450010,"Plagiocephaly, Nonsynostotic",,,,,
C1847514,Postnatal microcephaly,,,,,
C0545053,Advanced bone age,,,,,
C0240379,Open mouth,,,,,
C0013080,Down Syndrome,,,,,
C0342491,Small adrenal gland,,,,,
C0746926,"Multiple, subcutaneous nodules",,,,,
C0151311,Cranial nerve palsies,,,,,
C0151313,Sensory neuropathy,,,,,
C0566620,Nasal voice,,,,,
C1839972,Increased IgM levels,,,,,
C4022020,Mucosal telangiectasiae,,,,,
C1854882,Absent speech,,,,,
C0700590,Increased sweating,,,,,
C2748958,Increased susceptibility to bacterial infections,,,,,
C0023186,Learning Disorders,,,,,
C1112256,Peripheral sensorimotor neuropathy,,,,,
C1619700,RENAL ADYSPLASIA,,,,,
C1839025,Decreased amplitudes on flash visual electroretinogram,,,,,
C0266470,Cerebellar Hypoplasia,,,,,
C0019572,Hirsutism,,,,,
C0005779,Blood Coagulation Disorders,,,,,
C1858395,Tubular atrophy,,,,,
C1704317,Leukokeratosis,,,,,
C0152031,Joint swelling,,,,,
C4280262,Dystrophic tooth enamel,,,,,
C0240340,Microdontia (disorder),,,,,
C0008073,Developmental Disabilities,,,,,
C3151520,Early severe fetal akinesia sequence,,,,,
C1859447,Hypoplastic ischia,,,,,
C1840305,Absent external auditory canals,,,,,
C0332615,Myopathic facies,,,,,
C0263401,Cutis marmorata,,,,,
C0231807,Dyspnea on exertion,,,,,
C0016663,Pathological fracture,,,,,
C0018843,Heat Stroke,,,,,
C0151786,Muscle Weakness,,,,,
C0854723,Retinal Dystrophies,,,,,
C2985290,Fetal Alcohol Spectrum Disorders,,,,,
C0079731,B-Cell Lymphomas,,,,,
C0678230,Congenital Epicanthus,,,,,
C0018801,Heart failure,,,,,
C0020514,Hyperprolactinemia,,,,,
C0020517,Hypersensitivity,,,,,
C1301937,Talipes,,,,,
C0265660,Syndactyly of the toes,,,,,
C0149745,Oral Ulcer,,,,,
C4022587,Fatigable weakness of respiratory muscles,,,,,
C4022588,Fatigable weakness of swallowing muscles,,,,,
C3550658,Maternal oligohydramnios,,,,,
C1842774,Hyperpigmented macules,,,,,
C0021390,Inflammatory Bowel Diseases,,,,,
C0015644,Muscular fasciculation,,,,,
C0042487,Venous Thrombosis,,,,,
C0037317,Sleep disturbances,,,,,
C0037315,Sleep Apnea Syndromes,,,,,
C4280607,Small wings of the pelvic girdle,,,,,
C4280606,Hanging skin,,,,,
C0398650,Immune thrombocytopenic purpura,,,,,
C3536714,Renal dysplasia,,,,,
C0027430,Nasal Polyps,,,,,
C0001403,Addison Disease,,,,,
C0003803,Arnold Chiari Malformation,,,,,
C1837082,Metaphyseal cupping,,,,,
C0033941,"Psychoses, Substance-Induced",,,,,
C1837087,Macular pigmentary changes,,,,,
C1837084,Short metacarpal,,,,,
C0079924,Oligohydramnios,,,,,
C0240310,Hypoplasia of the maxilla,,,,,
C0746940,nonverbal,,,,,
C0206698,Cholangiocarcinoma,,,,,
C1864897,Cognitive delay,,,,,
C4022003,Erectile abnormalities,,,,,
C0002171,Alopecia Areata,,,,,
C0002170,Alopecia,,,,,
C0428977,Bradycardia,,,,,
C1969372,Tubulointerstitial fibrosis,,,,,
C0948023,Urine phosphorous concentration above normal,,,,,
C1859117,Recurrent pulmonary infections,,,,,
C0023434,Chronic Lymphocytic Leukemia,,,,,
C1527311,Brain Edema,,,,,
C1834060,Short middle phalanx of the 5th finger,,,,,
C0016059,Fibrosis,,,,,
C4072849,Scapular weakness,,,,,
C1956346,Coronary Artery Disease,,,,,
C0026633,Mouth Abnormalities,,,,,
C1851854,Thin dental enamel,,,,,
C0242488,Acute Lung Injury,,,,,
C0019555,"Hip Dislocation, Congenital",,,,,
C0011206,Delirium,,,,,
C0454555,Hypernasal voice,,,,,
C1321329,Slowed saccades,,,,,
C0024667,Animal Mammary Neoplasms,,,,,
C0024668,"Mammary Neoplasms, Experimental",,,,,
C3808249,Optic disc abnormalities,,,,,
C0079154,Congenital Nonbullous Ichthyosiform Erythroderma,,,,,
C0152013,Adenocarcinoma of lung (disorder),,,,,
C0887833,"Carcinoma, Pancreatic Ductal",,,,,
C0033774,Pruritus,,,,,
C0432103,Submucous cleft of hard palate,,,,,
C0003492,Aortic coarctation,,,,,
C0003635,Apraxias,,,,,
C1839546,Microretrognathia,,,,,
C1850667,Highly variable phenotype and severity,,,,,
C1866241,Broad feet,,,,,
C0011053,Deafness,,,,,
C2677762,Tall forehead,,,,,
C0039685,Tetralogy of Fallot,,,,,
C0431863,Carpal synostosis,,,,,
C4024753,Abnormality of the retinal vasculature,,,,,
C4024756,Abnormality of macular pigmentation,,,,,
C0149725,Lower respiratory tract infection,,,,,
C0149721,Left Ventricular Hypertrophy,,,,,
C0018798,Congenital Heart Defects,,,,,
C0036421,Systemic Scleroderma,,,,,
C0030305,Pancreatitis,,,,,
C0876973,Infectious disease of lung,,,,,
C1843005,Absent eyelashes,,,,,
C0162674,Chronic progressive external ophthalmoplegia,,,,,
C0162671,MELAS Syndrome,,,,,
C0162670,Mitochondrial Myopathies,,,,,
C0162672,MERRF Syndrome,,,,,
C1136249,"Mental Retardation, X-Linked",,,,,
C0920269,Microsatellite Instability,,,,,
C4280666,Triangular head shape,,,,,
C4280665,Wedge shaped head,,,,,
C4280664,Big calvaria,,,,,
C4280663,Increased size of cranium,,,,,
C2751582,Mitochondrial respiratory chain defects,,,,,
C0021841,Intestinal Neoplasms,,,,,
C0021843,Intestinal Obstruction,,,,,
C4280482,Flat back of the head,,,,,
C1836735,hypopigmented skin patch,,,,,
C3839460,Nonprogressive,,,,,
C1837066,Recurrent viral infections,,,,,
C0264303,Laryngomalacia,,,,,
C2937365,Recurrent aphthous ulcer,,,,,
C0262431,Compression fracture of vertebral column,,,,,
C0268307,Conjugated hyperbilirubinemia,,,,,
C0035304,Retinal Degeneration,,,,,
C0035305,Retinal Detachment,,,,,
C0035309,Retinal Diseases,,,,,
C1855333,Small genitalia,,,,,
C1848924,Infantile onset,,,,,
C0023418,leukemia,,,,,
C1527336,Sjogren's Syndrome,,,,,
C0009081,Congenital clubfoot,,,,,
C0040411,Tongue Neoplasms,,,,,
C0020490,Hyperopia,,,,,
C1853743,Axial hypotonia,,,,,
C1846449,Irregular epiphyses,,,,,
C0266435,Congenital hypoplasia of penis,,,,,
C0699743,Congenital muscular dystrophy (disorder),,,,,
C1846228,Absence of pubertal development,,,,,
C0685409,Congenital Camptodactyly,,,,,
C1846223,Adrenal hypoplasia,,,,,
C1846226,Mineralocorticoid insufficiency,,,,,
C0004936,Mental disorders,,,,,
C0032460,Polycystic Ovary Syndrome,,,,,
C4025814,Abnormality of the metaphyses,,,,,
C4025819,Abnormality of the hypothalamus-pituitary axis,,,,,
C0015300,Exophthalmos,,,,,
C0853087,Nail abnormality,,,,,
C2220104,Blister of skin,,,,,
C1970705,Fragile hair,,,,,
C0339527,Leber Congenital Amaurosis,,,,,
C0042580,Vesico-Ureteral Reflux,,,,,
C0010038,Corneal Opacity,,,,,
C0948740,Pituitary hypoplasia,,,,,
C4021242,Hypoplasia of the zygomatic bone,,,,,
C1859480,Cone-shaped epiphyses of phalanges,,,,,
C0019829,Hodgkin Disease,,,,,
C1136382,Sclerocystic Ovaries,,,,,
C0162538,Immunoglobulin A deficiency (disorder),,,,,
C0162539,IgG Deficiency,,,,,
C0019825,Hoarseness,,,,,
C1168401,Squamous cell carcinoma of the head and neck,,,,,
C0432163,Defect of vertebral segmentation,,,,,
C1865866,Congenital sensorineural hearing loss,,,,,
C4073292,Afro-textured hair,,,,,
C1855106,Neonatal onset,,,,,
C3715165,LEFT VENTRICULAR NONCOMPACTION 10,,,,,
C1851792,Aplasia/Hypoplasia of the earlobes,,,,,
C0031149,Peritoneal Neoplasms,,,,,
C0162834,Hyperpigmentation,,,,,
C0271390,"Nystagmus, End-Position",,,,,
C0079773,"Lymphoma, T-Cell, Cutaneous",,,,,
C0079772,T-Cell Lymphoma,,,,,
C3163798,Recurrent lower respiratory tract infection,,,,,
C0919267,ovarian neoplasm,,,,,
C0020555,Hypertrichosis,,,,,
C0020557,Hypertriglyceridemia,,,,,
C0020550,Hyperthyroidism,,,,,
C1561643,Chronic Kidney Diseases,,,,,
C0232513,Premature tooth loss,,,,,
C0013274,Patent ductus arteriosus,,,,,
C0007621,Neoplastic Cell Transformation,,,,,
C0010308,Congenital Hypothyroidism,,,,,
C2931092,Maternally Inherited Leigh Syndrome,,,,,
C0038013,Ankylosing spondylitis,,,,,
C4280645,Hypertrophy of lower jaw,,,,,
C4280644,Increased size of mandible,,,,,
C4280647,Hypertrophy of cheeks,,,,,
C4280641,Hypotrophic maxilla,,,,,
C4280640,Retrusion of upper jaw bones,,,,,
C4280643,Decreased projection of maxilla,,,,,
C4280642,Deficiency of upper jaw bones,,,,,
C4280648,Hyperplasia of cheeks,,,,,
C0018273,Growth Disorders,,,,,
C0014553,Absence Epilepsy,,,,,
C0014550,"Epilepsies, Myoclonic",,,,,
C0014556,"Epilepsy, Temporal Lobe",,,,,
C0853697,Neutrophil count decreased,,,,,
C1456784,Paranoia,,,,,
C1859541,Variable degree of villous atrophy,,,,,
C0018418,Gynecomastia,,,,,
C0032580,Adenomatous Polyposis Coli,,,,,
C0241005,Creatine phosphokinase serum increased,,,,,
C1848673,Hypoplastic feet,,,,,
C1865186,Bell-shaped thorax,,,,,
C0158761,Radioulnar Synostosis,,,,,
C0268362,Osteogenesis imperfecta type III (disorder),,,,,
C0268363,Osteogenesis imperfecta type IV (disorder),,,,,
C2936907,NADH:Q(1) Oxidoreductase deficiency,,,,,
C0344482,Hypoplasia of corpus callosum,,,,,
C0023290,"Leishmaniasis, Visceral",,,,,
C0393706,Early infantile epileptic encephalopathy with suppression bursts,,,,,
C0235153,"Hallucinations, Sensory",,,,,
C1862863,Sparse body hair,,,,,
C0431380,Cortical Dysplasia,,,,,
C1856661,Cloudy cornea,,,,,
C1856660,Abnormal helices,,,,,
C0268583,Methylmalonic acidemia,,,,,
C1857640,Decreased nerve conduction velocity,,,,,
C1857641,Severe postnatal growth retardation,,,,,
C0014850,Esophageal Atresia,,,,,
C0751495,"Seizures, Focal",,,,,
C0000768,Congenital Abnormality,,,,,
C4082169,Metatarsus Varus,,,,,
C1849295,Hypoplastic labia minora,,,,,
C4025838,Abnormality of the pharynx,,,,,
C0021296,"Infant, Small for Gestational Age",,,,,
C4280582,Agenesis of eyebrows,,,,,
C4280581,Aplasia of eyebrows,,,,,
C1280433,Lipoatrophy,,,,,
C0022408,Arthropathy,,,,,
C0024115,Lung diseases,,,,,
C0024117,Chronic Obstructive Airway Disease,,,,,
C4280368,Hypotrophic cheekbone,,,,,
C4280369,Flattening of the zygomatic bone,,,,,
C0687149,Pure gonadal dysgenesis,,,,,
C1853932,Rimmed vacuoles on biopsy,,,,,
C1306122,Oguchi disease,,,,,
C0162557,"Liver Failure, Acute",,,,,
C1833752,Varying degree of multiple fractures,,,,,
C1836509,Hypotonic seizures,,,,,
C0013491,Ecchymosis,,,,,
C1837458,Impaired smooth pursuit,,,,,
C1865841,Flared iliac wings,,,,,
C1865847,Ulnar bowing,,,,,
C1860834,Infantile muscular hypotonia,,,,,
C1860838,Large prominent ears,,,,,
C0027626,Neoplasm Invasiveness,,,,,
C0027627,Neoplasm Metastasis,,,,,
C1862095,Bilateral single transverse palmar creases,,,,,
C0240278,Lymphatic obstruction,,,,,
C0032461,Polycythemia,,,,,
C0025990,Micrognathism,,,,,
C0025995,Micromelia,,,,,
C0018818,Ventricular Septal Defects,,,,,
C0221765,Chronic schizophrenia,,,,,
C0151639,Decreased fertility in females,,,,,
C0265535,Trigonocephaly,,,,,
C0151632,ESR raised,,,,,
C0375206,Hemiplegia and hemiparesis,,,,,
C0016978,gallbladder neoplasm,,,,,
C3489396,"Hypogonadism, Isolated Hypogonadotropic",,,,,
C1806780,Cerebrospinal fluid protein increased above normal,,,,,
C0018816,Heart Septal Defects,,,,,
C0795690,Congenital omphalocele,,,,,
C0080178,Spina Bifida,,,,,
C0080174,Spina Bifida Occulta,,,,,
C1856786,Hypoplastic fingernails,,,,,
C0744641,Intermittent migraine headaches,,,,,
C0016202,Flatfoot,,,,,
C0542519,Congenital absence of kidney,,,,,
C1691215,Penile hypospadias,,,,,
C1261473,Sarcoma,,,,,
C0235942,Skull malformation,,,,,
C0235946,Cerebral atrophy,,,,,
C0266371,Streak ovary,,,,,
C2676676,"BREAST-OVARIAN CANCER, FAMILIAL, SUSCEPTIBILITY TO, 1",,,,,
C4025662,Abnormality of the ulna,,,,,
C4025669,Decreased circulating ACTH level,,,,,
C0751688,Malignant Squamous Cell Neoplasm,,,,,
C1842714,Desquamation of skin soon after birth,,,,,
C0008372,Intrahepatic Cholestasis,,,,,
C0008370,Cholestasis,,,,,
C3501843,Nonmedullary Thyroid Carcinoma,,,,,
C0018784,Sensorineural Hearing Loss (disorder),,,,,
C0018781,Noise-induced hearing loss,,,,,
C1844383,Recurrent bacterial infection,,,,,
C1844384,Recurrent fungal infections,,,,,
C0040336,Tobacco Use Disorder,,,,,
C1836195,Hypoplastic toes,,,,,
C0042798,Low Vision,,,,,
C0028077,Night Blindness,,,,,
C1260926,Abnormal pigmentation,,,,,
C0347959,Lactic acidemia,,,,,
C1836996,Marfanoid body habitus,,,,,
C1848736,Distal amyotrophy,,,,,
C0003862,Arthralgia,,,,,
C0003864,Arthritis,,,,,
C1855665,Ovoid vertebral bodies,,,,,
C0018923,Hemangiosarcoma,,,,,
C0018920,"Hemangioma, Cavernous",,,,,
C1848654,Broad ribs,,,,,
C0018924,Hemarthrosis,,,,,
C4023909,Aplasia/Hypoplasia of the abdominal wall musculature,,,,,
C0151825,Bone pain,,,,,
C1862132,Short ulnae,,,,,
C4072822,Wide bregma sutures,,,,,
C4072823,Broad cranium shape,,,,,
C4072820,Large bregma sutures,,,,,
C4072821,"Large, late-closing fontanelle",,,,,
C4072826,Skin tag on the posterior cheek,,,,,
C4072827,Cone/cone-rod dystrophy,,,,,
C4072824,Wide skull shape,,,,,
C4072825,Thickened facial skin with coarse facial features,,,,,
C0409348,Flexion contracture of proximal interphalangeal joint,,,,,
C0342276,Maturity onset diabetes mellitus in young,,,,,
C3551535,"Mitral regurgitation, mild",,,,,
C0549613,BILIARY TRACT ABNORMALITY,,,,,
C0242422,Parkinsonian Disorders,,,,,
C0085612,Ventricular arrhythmia,,,,,
C0020452,Hyperemia,,,,,
C0020455,Hypergammaglobulinemia,,,,,
C0020456,Hyperglycemia,,,,,
C0020458,Hyperhidrosis disorder,,,,,
C0020459,Hyperinsulinism,,,,,
C0266610,Preauricular dimple,,,,,
C0240735,Personality change,,,,,
C0266617,Congenital anomaly of face,,,,,
C1849923,Generalized hypopigmentation,,,,,
C1843921,Postural instability,,,,,
C2219717,menstrual periods stopped for over 6 months,,,,,
C1408258,Kidney damage,,,,,
C0021400,Influenza,,,,,
C4280560,Increased thickness of cranium,,,,,
C4280565,Delayed maturation of end part of long bone,,,,,
C4280566,Abnormal development of end part of bone,,,,,
C4280567,Abnormal skeletal development,,,,,
C0026267,Mitral Valve Prolapse Syndrome,,,,,
C0026266,Mitral Valve Insufficiency,,,,,
C0311394,Difficulty walking,,,,,
C0424296,Social disinhibition,,,,,
C0424295,Hyperactive behavior,,,,,
C4280304,Curvature of digit,,,,,
C1838869,Proximal neurogenic muscle weakness,,,,,
C0022680,Polycystic Kidney Diseases,,,,,
C0038220,Status Epilepticus,,,,,
C1860475,Tortuous retinal vessels,,,,,
C0023212,Left-Sided Heart Failure,,,,,
C1836038,Poor head control,,,,,
C1866141,Foot dorsiflexor weakness,,,,,
C4020730,Increased intramyocellular lipid droplets,,,,,
C4020734,"Nystagmus, continuous pendular",,,,,
C0033860,Psoriasis,,,,,
C1841659,Atrioventricular nodal disease,,,,,
C0238621,Aminoaciduria,,,,,
C0267456,Villous atrophy of intestine,,,,,
C0234860,Weak cry,,,,,
C0002878,"Anemia, Hemolytic",,,,,
C0002871,Anemia,,,,,
C0002874,Aplastic Anemia,,,,,
C1840380,Persistent cavum septum pellucidum,,,,,
C0028797,Occupational Diseases,,,,,
C0264133,Acquired flat foot,,,,,
C0151611,Electroencephalogram abnormal,,,,,
C0017574,Gingivitis,,,,,
C1864156,"Conjunctivitis, recurrent",,,,,
C4022675,Increased female libido,,,,,
C0494475,Tonic - clonic seizures,,,,,
C0600427,Cocaine Dependence,,,,,
C0007370,Catalepsy,,,,,
C0010346,Crohn Disease,,,,,
C1386048,Intrauterine retardation,,,,,
C0854107,Haemorrhage subcutaneous,,,,,
C4023101,Elevated luteinizing hormone,,,,,
C0266399,Infantile uterus,,,,,
C0041974,Urethral Stricture,,,,,
C0027819,Neuroblastoma,,,,,
C2930812,Generalized elastolysis,,,,,
C0008350,Cholelithiasis,,,,,
C0277828,Late fontanel closure,,,,,
C1849488,Increased serum pyruvate,,,,,
C4025644,Hypothalamic gonadotropin-releasing hormone deficiency,,,,,
C1867955,Increased incidence of hepatocellular carcinoma,,,,,
C1390474,Increased susceptibility to fractures,,,,,
C4020962,Enlarged thorax,,,,,
C4020969,Inflammatory abnormality of the eye,,,,,
C1184923,Lumbar lordosis,,,,,
C0009024,Clonus,,,,,
C0016506,Foot Deformities,,,,,
C0520459,Necrotizing Enterocolitis,,,,,
C0085584,Encephalopathies,,,,,
C0085583,Choreoathetosis,,,,,
C0085581,Restrictive lung disease,,,,,
C0085580,Essential Hypertension,,,,,
C0023787,Lipodystrophy,,,,,
C0085636,Photophobia,,,,,
C0085631,Agitation,,,,,
C0085633,Mood swings,,,,,
C0085632,Apathy,,,,,
C0524851,Neurodegenerative Disorders,,,,,
C0149925,Small cell carcinoma of lung,,,,,
C0376634,Craniofacial Abnormalities,,,,,
C0020473,Hyperlipidemia,,,,,
C3463824,MYELODYSPLASTIC SYNDROME,,,,,
C0694563,Excessive daytime somnolence,,,,,
C0850703,Frequent falls,,,,,
C1449861,"Micronuclei, Chromosome-Defective",,,,,
C3150077,"Short stature, mild",,,,,
C0011570,Mental Depression,,,,,
C0427546,Atypical lymphocyte observed,,,,,
C0750857,Alkaline phosphatase serum increased,,,,,
C4025871,Abnormality of the face,,,,,
C4025252,Abnormal nasal morphology,,,,,
C1849340,Long palpebral fissure,,,,,
C4280320,Hypotrophic midface,,,,,
C4280321,Decreased projection of midface,,,,,
C0025202,melanoma,,,,,
C4048798,"Night blindness, congenital stationary, complete",,,,,
C0033805,Pseudohypoaldosteronism,,,,,
C0521525,Short neck,,,,,
C0162809,Kallmann Syndrome,,,,,
C0002896,Sideroblastic anemia,,,,,
C0266061,Open Bite,,,,,
C1836543,Thick vermilion border,,,,,
C1306710,Facial asymmetry,,,,,
C1837760,Prominent eyes,,,,,
C0268731,Renal glomerular disease,,,,,
C0855740,Abnormal platelet function,,,,,
C4024996,Aplasia/Hypoplasia of the lungs,,,,,
C1457883,Aggressive reaction,,,,,
C0266539,Congenital total cataract,,,,,
C3277059,Congenital Bilateral Cataracts,,,,,
C0026838,Muscle Spasticity,,,,,
C0241181,Fragile skin,,,,,
C1856438,Hypoketotic hypoglycemia,,,,,
C0029172,Oral Submucous Fibrosis,,,,,
C0017566,Gingival Hyperplasia,,,,,
C1866210,"Highly variable phenotype, even within families",,,,,
C0744356,genital abnormal,,,,,
C1853242,Midface retrusion,,,,,
C1853241,Flat face,,,,,
C1853246,Everted lower lip vermilion,,,,,
C1846347,Renal salt wasting,,,,,
C1849134,Decreased lower limb vibratory sense,,,,,
C1835452,Hypoplastic ovary,,,,,
C2677328,Brain hypomyelination,,,,,
C1319853,"Asthma, Aspirin-Induced",,,,,
C0019294,"Hernia, Inguinal",,,,,
C0018213,Graves Disease,,,,,
C0262655,Recurrent urinary tract infection,,,,,
C0271215,"Blindness, Legal",,,,,
C1842820,Cardiac conduction abnormalities,,,,,
C0522224,Paralysed,,,,,
C1859461,Femoral bowing,,,,,
C0553982,Impaired left ventricular function,,,,,
C0553980,Endomyocardial Fibrosis,,,,,
C0263523,Micronychia (disorder),,,,,
C4255213,Increased size of skull,,,,,
C0878544,Cardiomyopathies,,,,,
C0018965,Hematuria,,,,,
C0265965,Dyskeratosis Congenita,,,,,
C0424810,Periorbital swelling,,,,,
C0022665,Kidney Neoplasm,,,,,
C3887524,Skin Erosion,,,,,
C0268079,Hyperphosphaturia,,,,,
C1864696,Distal limb muscle weakness due to peripheral neuropathy,,,,,
C0016522,"Foramen Ovale, Patent",,,,,
C0027339,Nail Diseases,,,,,
C0037926,Compression of spinal cord,,,,,
C0030044,Acrocephaly,,,,,
C1276035,Pena-Shokeir syndrome type I,,,,,
C0595939,Stillbirth,,,,,
C1854928,Protuberant abdomen,,,,,
C0010606,Adenoid Cystic Carcinoma,,,,,
C0266619,Potter's facies,,,,,
C0233715,Speech impairment,,,,,
C0522055,Electrocardiogram abnormal,,,,,
C0282612,Prostatic Intraepithelial Neoplasias,,,,,
C0008780,Ciliary Motility Disorders,,,,,
C4020777,Underdeveloped brows,,,,,
C1849367,Nasal bridge wide,,,,,
C1846803,Small epiphyses,,,,,
C0687120,Nephronophthisis,,,,,
C1333990,Hereditary Nonpolyposis Colorectal Cancer,,,,,
C0013386,"Dyskinesia, Drug-Induced",,,,,
C0013384,Dyskinetic syndrome,,,,,
C1858120,Generalized hypotonia,,,,,
C1858127,Limb-girdle muscle weakness,,,,,
C0426886,Tapering fingers (finding),,,,,
C0015923,Fetal Alcohol Syndrome,,,,,
C0238669,Aortic root dilatation,,,,,
C0014038,Encephalitis,,,,,
C0018553,"Hamartoma Syndrome, Multiple",,,,,
C0017601,Glaucoma,,,,,
C0040128,Thyroid Diseases,,,,,
C0028754,Obesity,,,,,
C0264172,Barrel chest,,,,,
C1855728,Low posterior hairline,,,,,
C0026764,Multiple Myeloma,,,,,
C0026769,Multiple Sclerosis,,,,,
C0600467,Neurogenic Inflammation,,,,,
C0031117,Peripheral Neuropathy,,,,,
C1522137,Hypertriglyceridemia result,,,,,
C0917805,Transient Cerebral Ischemia,,,,,
C0917801,Sleeplessness,,,,,
C0597167,Islets of Langerhans hyperplasia,,,,,
C1298695,Hypoplasia of optic disc,,,,,
C0234632,Reduced visual acuity,,,,,
C1167712,Corneal diameter increased,,,,,
C1167713,Corneal diameter decreased,,,,,
C0231712,Waddling gait,,,,,
C0542476,Forgetful,,,,,
C0020626,Hypoparathyroidism,,,,,
C0020625,Hyponatremia,,,,,
C0020621,Hypokalemia,,,,,
C0020620,Hypohidrosis,,,,,
C1835473,Diaphyseal thickening,,,,,
C0221217,Neck webbing,,,,,
C0221210,Congenital malrotation of intestine,,,,,
C0022548,Keloid,,,,,
C1859896,Progressive macrocephaly,,,,,
C0743359,ear infection chronic,,,,,
C0004763,Barrett Esophagus,,,,,
C0239105,Conjunctival telangiectasis,,,,,
C0008311,Cholangitis,,,,,
C0008312,Primary biliary cirrhosis,,,,,
C4020871,Dystonic disease,,,,,
C0454644,Delayed speech and language development,,,,,
C1837514,Phenotypic variability,,,,,
C0027746,Nerve Degeneration,,,,,
C1858719,Facial muscle weakness of muscles innervated by CN VII,,,,,
C0242339,Dyslipidemias,,,,,
C0020437,Hypercalcemia,,,,,
C3665386,Abnormal vision,,,,,
C0020438,Hypercalciuria,,,,,
C0392525,Nephrolithiasis,,,,,
C0278124,Absent tendon reflex,,,,,
C0040433,Tooth Crowding,,,,,
C3551426,Dystrophic fingernails,,,,,
C1855020,Acute necrotizing encephalopathy,,,,,
C0546969,"Preauricular Fistulae, Congenital",,,,,
C0020295,Hydronephrosis,,,,,
C0546967,Posterior embryotoxon,,,,,
C0546964,Genu recurvatum,,,,,
C0034013,Precocious Puberty,,,,,
C0023520,Leukodystrophy,,,,,
C0241442,Protrusion of tongue,,,,,
C0007102,Malignant tumor of colon,,,,,
C0004153,Atherosclerosis,,,,,
C1845447,Cupped ears (finding),,,,,
C1845112,Hyperkyphosis,,,,,
C0004158,Athetosis,,,,,
C0920163,Idiopathic thrombocytopenia,,,,,
C1832603,EKG abnormalities,,,,,
C0424585,Tires quickly,,,,,
C0027962,Melanocytic nevus,,,,,
C0042384,Vasculitis,,,,,
C4025749,Abnormality of the spleen,,,,,
C0677776,Hereditary Breast and Ovarian Cancer Syndrome,,,,,
C0037274,Dermatologic disorders,,,,,
C0022596,Palmoplantar Keratosis,,,,,
C0238463,Papillary thyroid carcinoma,,,,,
C0456132,Large fontanelle,,,,,
C3806554,Dysseborrheic dermatitis,,,,,
C1849300,Widely patent fontanels and sutures,,,,,
C0748318,Progressive renal failure,,,,,
C0524620,Metabolic Syndrome X,,,,,
C0376358,Malignant neoplasm of prostate,,,,,
C0239594,Short finger,,,,,
C0013362,Dysarthria,,,,,
C0013363,Dysautonomia,,,,,
C0033375,Prolactinoma,,,,,
C0005424,Biliary Tract Diseases,,,,,
C1867873,Failure to thrive in infancy,,,,,
C0018536,Hallux Valgus,,,,,
C0018021,Goiter,,,,,
C0006625,Cachexia,,,,,
C0410550,Collapse of vertebra,,,,,
C0235032,Neurotoxicity Syndromes,,,,,
C0271623,Hypogonadotropic hypogonadism,,,,,
C0023380,Lethargy,,,,,
C0344233,Retinal blind spot,,,,,
C0344232,Blurred vision,,,,,
C0085207,Gestational Diabetes,,,,,
C1861329,Spinal canal stenosis,,,,,
C0271441,Chronic otitis media,,,,,
C0240635,Byzanthine arch palate,,,,,
C0349204,Nonorganic psychosis,,,,,
C0020608,Hypodontia,,,,,
C1839630,"Hypotonia, severe",,,,,
C1843156,"Hearing loss, progressive sensorineural",,,,,
C0575081,Gait abnormality,,,,,
C0024299,Lymphoma,,,,,
C0752347,Lewy Body Disease,,,,,
C0010278,Craniosynostosis,,,,,
C0008489,Chorea,,,,,
C4280269,Noncancerous mole,,,,,
C0002994,Angioedema,,,,,
C0002622,Amnesia,,,,,
C0239479,Round face,,,,,
C4280596,Calvarial defect,,,,,
C0014170,Endometrial Neoplasms,,,,,
C3278981,"Decreased visual acuity, slowly progressive",,,,,
C0014175,Endometriosis,,,,,
C1836623,Low to undetectable plasma cortisol,,,,,
C0003578,Apnea,,,,,
C1866730,Rhizomelia,,,,,
C0027726,Nephrotic Syndrome,,,,,
C0027720,Nephrosis,,,,,
C1858085,Malar flattening,,,,,
C1389016,ATRIOVENTRICULAR CANAL DEFECT,,,,,
C0598608,Hyperhomocysteinemia,,,,,
C1837397,"Global developmental delay, severe",,,,,
C0020757,Ichthyoses,,,,,
C0521719,Clouding of corneal stroma,,,,,
C0035258,Restless Legs Syndrome,,,,,
C0151205,Periorbital edema,,,,,
C0013990,Pathological accumulation of air in tissues,,,,,
C1839829,Short distal phalanges,,,,,
C0405580,Adrenal cortical hypofunction,,,,,
C1563720,Kallmann Syndrome 2 (disorder),,,,,
C0011849,Diabetes Mellitus,,,,,
C0011848,Diabetes Insipidus,,,,,
C0038587,Substance Withdrawal Syndrome,,,,,
C0040412,Fissured tongue,,,,,
C1112705,Nuclear non-senile cataract,,,,,
C0030554,Paresthesia,,,,,
C1857042,Sparse scalp hair,,,,,
C1832446,Sparse eyebrow,,,,,
C0023891,"Liver Cirrhosis, Alcoholic",,,,,
C0023890,Liver Cirrhosis,,,,,
C0023893,"Liver Cirrhosis, Experimental",,,,,
C0023892,Biliary cirrhosis,,,,,
C0023895,Liver diseases,,,,,
C4024989,Hereditary nonpolyposis colorectal carcinoma,,,,,
C1843300,Sparse eyelashes,,,,,
C0265783,Congenital hypoplasia of lung,,,,,
C3809288,LEFT VENTRICULAR NONCOMPACTION 8,,,,,
C0751295,Memory Loss,,,,,
C4025763,Abnormality of the rib cage,,,,,
C0033578,Prostatic Neoplasms,,,,,
C0008297,Choanal Atresia,,,,,
C0015695,Fatty Liver,,,,,
C0311468,Increased bilirubin level (finding),,,,,
C0004352,Autistic Disorder,,,,,
C1843367,Poor school performance,,,,,
C3806283,Frequent fractures,,,,,
C0015967,Fever,,,,,
C1510586,Autism Spectrum Disorders,,,,,
C0558242,Stretched skin,,,,,
C0042109,Urticaria,,,,,
C4020849,Bowed and upward slanting eyebrows,,,,,
C4020843,Abnormal urinary amino-acid findings,,,,,
C4020840,Abnormal vertebral bodies,,,,,
C4020847,Abnormality of pelvic girdle bone morphology,,,,,
C4020846,Prone to bacterial infection,,,,,
C4020844,Bullet vertebral body,,,,,
C2752013,Prenatal onset,,,,,
C1368816,Sebaceous adenoma,,,,,
C0003962,Ascites,,,,,
C2973725,Pulmonary arterial hypertension,,,,,
C3805574,Increased fracture rate,,,,,
C0158646,Cleft palate with cleft lip,,,,,
C0232939,Primary physiologic amenorrhea,,,,,
C0029442,Osteomalacia,,,,,
C0029443,Osteomyelitis,,,,,
C1865244,Shallow orbits,,,,,
C0151699,Intracranial Hemorrhages,,,,,
C0151691,High density lipoprotein decreased,,,,,
C1860816,Preauricular skin tag,,,,,
C0029191,Orchitis,,,,,
C4072830,Asymmetry of the posterior cranium,,,,,
C0027092,Myopia,,,,,
C0234182,Gowers sign,,,,,
C0079541,Holoprosencephaly,,,,,
C3489733,Oculomotor apraxia,,,,,
C0424688,Small head,,,,,
C0857379,Auricular malformation,,,,,
C0036337,Schizoaffective Disorder,,,,,
C0239676,High forehead,,,,,
C1861975,"Cafe au lait spots, multiple",,,,,
C0001956,alcohol use disorder,,,,,
C1848207,Poor speech,,,,,
C1832160,Poor temperature regulation,,,,,
C0038325,Stevens-Johnson Syndrome,,,,,
C0026850,Muscular Dystrophy,,,,,
C1833144,"Slender, gracile long tubular bones",,,,,
C0232744,Decreased liver function,,,,,
C0027709,Nephrocalcinosis,,,,,
C0027708,Nephroblastoma,,,,,
C0027707,"Nephritis, Interstitial",,,,,
C0234967,Choreoathetoid movements,,,,,
C0032617,Polyuria,,,,,
C0949445,Cervical Dystonia,,,,,
C0017181,Gastrointestinal Hemorrhage,,,,,
C0240421,"Muscle weakness, progressive",,,,,
C1850189,Large pinnae,,,,,
C0018989,Hemiparesis,,,,,
C1864903,Hyperinsulinaemic hypoglycaemia,,,,,
C3277226,Restrictive ventilatory defect,,,,,
C0221373,Claw hand,,,,,
C0332573,Macule,,,,,
C0265275,Jeune thoracic dystrophy,,,,,
C0002514,"Amino Acid Metabolism, Inborn Errors",,,,,
C0399526,Class III malocclusion,,,,,
C1145670,Respiratory Failure,,,,,
C0233514,Abnormal behavior,,,,,
C0011860,"Diabetes Mellitus, Non-Insulin-Dependent",,,,,
C0234428,Disturbance of consciousness,,,,,
C4025569,Eunuchoid habitus,,,,,
C4023397,Abnormal hair quantity,,,,,
C3552463,Very poor growth,,,,,
C0575167,Deformity of neck,,,,,
C1842366,Low anterior hairline,,,,,
C0004114,Astrocytoma,,,,,
C1844806,Weight less than 3rd percentile,,,,,
C0025286,Meningioma,,,,,
C0025289,Meningitis,,,,,
C0042345,Varicosity,,,,,
C0152459,Linear atrophy,,,,,
C0877359,Liver function test increased,,,,,
C0042164,Uveitis,,,,,
C4020861,Depressed philtrum,,,,,
C4020860,Supratentorial atrophy,,,,,
C4020865,Fibular polydactyly,,,,,
C4020864,Abnormality of the haematopoietic system,,,,,
C4020867,Persistant truncus arteriosus,,,,,
C4020869,Abnormality of the abdomen,,,,,
C4020868,Elevated heart rate,,,,,
C0028738,Nystagmus,,,,,
C0231687,Spastic gait,,,,,
C0231686,"Gait, Unsteady",,,,,
C0241240,Tall stature,,,,,
C0026640,Mouth Neoplasms,,,,,
C0003949,Asbestosis,,,,,
C1850049,Bilateral fifth finger clinodactyly,,,,,
C1855038,Hepatocellular necrosis,,,,,
C3494422,Retrognathia,,,,,
C0151908,Dry skin,,,,,
C4024737,Aplasia/Hypoplasia of the skin,,,,,
C0426799,Congenital hypoplasia of clavicle,,,,,
C0017661,IGA Glomerulonephritis,,,,,
C0426790,Narrow thorax,,,,,
C1837279,Hypoplastic toenails,,,,,
C0017668,Focal glomerulosclerosis,,,,,
C0029464,Osteosclerosis,,,,,
C0029463,Osteosarcoma,,,,,
C1847584,Distal sensory impairment,,,,,
C0409338,Flexion contracture - elbow,,,,,
C0234162,Cerebellar Dysmetria,,,,,
C0006663,Calcinosis,,,,,
C0007758,Cerebellar Ataxia,,,,,
C0011168,Deglutition Disorders,,,,,
C1867131,Broad hallux,,,,,
C0392386,Decreased platelet count,,,,,
C0024032,Low Birth Weights,,,,,
C0001973,"Alcoholic Intoxication, Chronic",,,,,
C0000889,Acanthosis Nigricans,,,,,
C0334008,Pachyderma,,,,,
C0008625,Chromosome Aberrations,,,,,
C2316810,Chronic kidney disease stage 5,,,,,
C0019214,Hepatosplenomegaly,,,,,
C0014130,Endocrine System Diseases,,,,,
C0042571,Vertigo,,,,,
C0022346,Icterus,,,,,
C0426492,Small tongue,,,,,
C0087012,"Ataxia, Spinocerebellar",,,,,
C0039231,Tachycardia,,,,,
C0151576,Elevated creatine kinase,,,,,
C4021815,Abnormality of the palate,,,,,
C4021813,Oral cleft,,,,,
C0206762,"Limb Deformities, Congenital",,,,,
C4021724,Decreased activity of cytochrome C oxidase in muscle tissue,,,,,
C4021727,EMG: neuropathic changes,,,,,
C4021726,EMG: myopathic abnormalities,,,,,
C0401151,Chronic diarrhea,,,,,
C3554617,Adducted thumb,,,,,
C0242350,Erectile dysfunction,,,,,
C0265215,Meckel-Gruber syndrome,,,,,
C0009375,Colonic Neoplasms,,,,,
C1458140,Bleeding tendency,,,,,
C1834118,Potato nose,,,,,
C2936346,22q11 Deletion Syndrome,,,,,
C0431890,Hypoplasia of thumb,,,,,
C0011882,Diabetic Neuropathies,,,,,
C0011881,Diabetic Nephropathy,,,,,
C0011884,Diabetic Retinopathy,,,,,
C0266294,Unilateral agenesis of kidney,,,,,
C0266295,Congenital hypoplasia of kidney,,,,,
C0266292,Congenital anomaly of the kidney,,,,,
C0423757,Thin skin,,,,,
C0020502,Hyperparathyroidism,,,,,
C0233794,Memory impairment,,,,,
C0037299,Skin Ulcer,,,,,
C0011334,Dental caries,,,,,
C0376480,Gingival Overgrowth,,,,,
C0004134,Ataxia,,,,,
C0221358,Long narrow head,,,,,
C0221356,Brachycephaly,,,,,
C0221357,Brachydactyly,,,,,
C0221354,Frontal bossing,,,,,
C0221352,Syndactyly of fingers,,,,,
C0221353,Horseshoe Kidney,,,,,
C1844820,Range of joint movement increased,,,,,
C1856872,Sloping shoulders,,,,,
C0236175,Elevated IgE,,,,,
C0014306,Enophthalmos,,,,,
C0152438,Sprengel deformity,,,,,
C4025723,Abnormal upper motor neuron morphology,,,,,
C0272027,Pyridoxine-responsive sideroblastic anemia,,,,,
C0853193,Bipolar I disorder,,,,,
C1854301,Motor delay,,,,,
C0267048,Glossoptosis,,,,,
C0032914,Pre-Eclampsia,,,,,
C1840077,Anteverted nostril,,,,,
C0232461,Increased appetite (finding),,,,,
C0232466,Feeding difficulties,,,,,
C0005910,Body Weight,,,,,
C0520679,"Sleep Apnea, Obstructive",,,,,
C0339063,Cellulitis of eyelid,,,,,
C1865060,Molar tooth sign on MRI,,,,,
C1512419,Hereditary Melanoma,,,,,
C0345967,Malignant mesothelioma,,,,,
C0029408,Degenerative polyarthritis,,,,,
C0029401,Osteitis Deformans,,,,,
C1865200,Delayed epiphyseal ossification,,,,,
C0235095,Visual field constriction,,,,,
C1855019,Psychomotor regression,,,,,
C0220981,Metabolic acidosis,,,,,
C0220982,Ketoacidosis,,,,,
C0027051,Myocardial Infarction,,,,,
C1961099,Precursor T-Cell Lymphoblastic Leukemia-Lymphoma,,,,,
C0027055,Myocardial Reperfusion Injury,,,,,
C0234144,Dysgraphia,,,,,
C0234146,Absent reflex,,,,,
C0427190,"Ataxia, Truncal",,,,,
C3714581,Multicystic Dysplastic Kidney,,,,,
C0855329,Electrocardiogram change,,,,,
C0497552,Congenital neurologic anomalies,,,,,
C0034150,Purpura,,,,,
C0024236,Lymphedema,,,,,
C0024232,Lymphatic Metastasis,,,,,
C0026034,Microstomia,,,,,
C1842083,Abnormality of the ribs,,,,,
C0239981,Hypoalbuminemia,,,,,
C0004096,Asthma,,,,,
C0030232,Pallor,,,,,
C4021611,Abnormality of epiphysis morphology,,,,,
C0001916,Albinism,,,,,
C0038363,Aphthous Stomatitis,,,,,
C1405984,Absent radius,,,,,
C0400966,Non-alcoholic Fatty Liver Disease,,,,,
C0699791,Stomach Carcinoma,,,,,
C1849265,Overgrowth,,,,,
C0025362,Mental Retardation,,,,,
C0259817,Xerosis,,,,,
C1858025,Spinal rigidity,,,,,
C4022878,Descending aortic dissection,,,,,
C3806301,Scarring alopecia of scalp,,,,,
C0032273,Pneumoconiosis,,,,,
C0014116,Endocardial Cushion Defects,,,,,
C3278923,Dilated ventricles (finding),,,,,
C0263498,Premature canities,,,,,
C1837485,Flat acetabular roof,,,,,
C1837482,Thoracic hypoplasia,,,,,
C0231528,Myalgia,,,,,
C0040028,"Thrombocythemia, Essential",,,,,
C1850496,Neuronal loss,,,,,
C1850493,"Psychomotor regression, progressive",,,,,
C4280613,Angle class 3 malocclusion,,,,,
C1859775,Anterior pituitary hypoplasia,,,,,
C1859778,Postnatal growth retardation,,,,,
C4021745,Abnormality of the musculature,,,,,
C4021741,Abnormal cortical bone morphology,,,,,
C1838681,Rapidly progressive,,,,,
C0240671,Partial thromboplastin time increased (finding),,,,,
C0345397,Accessory rib,,,,,
C1855204,Cellular immunodeficiency,,,,,
C4280619,Missing more than six teeth,,,,,
C0948163,Leukoaraiosis,,,,,
C0677886,Epithelial ovarian cancer,,,,,
C3279397,Very long chain fatty acid accumulation,,,,,
C1835884,Triangular face,,,,,
C0427055,Facial Paresis,,,,,
C0423224,Sunken eyes,,,,,
C0424503,Dysmorphic facies,,,,,
C0423221,Globe of eye large,,,,,
C1853141,Slow decrease in visual acuity,,,,,
C0338451,Frontotemporal dementia,,,,,
C0085109,Corneal Neovascularization,,,,,
C0037769,West Syndrome,,,,,
C0021361,Female infertility,,,,,
C1849075,Relative macrocephaly,,,,,
C1849073,Fused vertebrae,,,,,
C1860493,Sternal anomalies,,,,,
C0011351,Dental Enamel Hypoplasia,,,,,
C0581342,Redundant skin,,,,,
C0266544,Microcornea,,,,,
C0221629,Proximal muscle weakness,,,,,
C1854494,Slow progression,,,,,
C1955869,Malformations of Cortical Development,,,,,
C0973461,Dysphasia,,,,,
C3553450,Profound global developmental delay,,,,,
C0014859,Esophageal Neoplasms,,,,,
C0005937,Bone Cysts,,,,,
C4021998,Lack of skin elasticity,,,,,
C2748653,Chubby cheeks,,,,,
C0013581,Ectopia Lentis,,,,,
C0238397,Pulmonary artery stenosis,,,,,
C0029422,Osteochondrodysplasias,,,,,
C3495559,Juvenile arthritis,,,,,
C0086565,Liver Dysfunction,,,,,
C1851971,Hypoplastic myelodysplasia,,,,,
C3714745,Malabsorption,,,,,
C0006118,Brain Neoplasms,,,,,
C0006111,Brain Diseases,,,,,
C0006114,Cerebral Edema,,,,,
C1835763,Vertebral body fusion,,,,,
C0040822,Tremor,,,,,
C0023487,Acute Promyelocytic Leukemia,,,,,
C0023485,Precursor B-Cell Lymphoblastic Leukemia-Lymphoma,,,,,
C4049796,Abnormality of cardiovascular system morphology,,,,,
C1857121,Neurodevelopmental regression,,,,,
C2266639,Absence of eyebrows,,,,,
C0023264,Leigh Disease,,,,,
C0007570,Celiac Disease,,,,,
C1842060,Prominent supraorbital ridges,,,,,
C0030252,Palpitations,,,,,
C0025160,Megacolon,,,,,
C3550546,Depressed nasal root/bridge,,,,,
C1862425,Prominent globes,,,,,
C0001430,Adenoma,,,,,
C4020885,Difficulties with night vision,,,,,
C1859717,Depressed nasal tip,,,,,
C0596263,Carcinogenesis,,,,,
C1844527,Clitoral hypoplasia,,,,,
C1836440,Increased serum lactate,,,,,
C0877056,Hypoglycaemic seizure,,,,,
C0017168,Gastroesophageal reflux disease,,,,,
C1854113,Prominent nasal bridge,,,,,
C0175754,Agenesis of corpus callosum,,,,,
C1854114,Short nose,,,,,
C0022658,Kidney Diseases,,,,,
C2239176,Liver carcinoma,,,,,
C0206726,gliosarcoma,,,,,
C4021768,Abnormality of metabolism/homeostasis,,,,,
C4021761,Morphological abnormality of the pyramidal tract,,,,,
C1838662,Metaphyseal irregularity,,,,,
C1384666,hearing impairment,,,,,
C1855996,Psychomotor regression beginning in infancy,,,,,
C1844813,Widely spaced teeth,,,,,
C0023012,Language Delay,,,,,
C0023015,Language Disorders,,,,,
C0023014,Language Development Disorders,,,,,
C3887875,Visual field defects,,,,,
C0497327,Dementia,,,,,
C0338474,Central nervous system demyelination,,,,,
C0085129,Bronchial Hyperreactivity,,,,,
C1839758,Narrow forehead,,,,,
C0265610,Congenital clinodactyly,,,,,
C0040588,Tracheoesophageal Fistula,,,,,
C0154835,Retinal telangiectasia,,,,,
C0339789,Congenital deafness,,,,,
C4022996,Abnormal sex determination,,,,,
C4022995,Sex reversal,,,,,
C0751466,Phonophobia,,,,,
C0235991,Small for gestational age (disorder),,,,,
C0022821,Kyphosis deformity of spine,,,,,
C0235996,Hepatic enzyme increased,,,,,
C0423867,Fine hair,,,,,
C1836830,Developmental regression,,,,,
C0014877,Esotropia,,,,,
C1271100,Lower limb spasticity,,,,,
C0685891,Congenital hypoplasia of thymus,,,,,
C0426848,Sacral dimples,,,,,
C4021972,Urogenital sinus anomaly,,,,,
C4021975,Abnormality of the tonsils,,,,,
C4021976,Abnormality of the lymphatic system,,,,,
C4021977,Visceral angiomatosis,,,,,
C1865027,Hypoplastic iliac wing,,,,,
C1856963,Fragile nails,,,,,
C0432073,Defect of skull ossification,,,,,
C0041696,Unipolar Depression,,,,,
C0009676,Confusion,,,,,
C1850573,Slender build,,,,,
C0948896,Primary hypogonadism,,,,,
C0011616,Contact Dermatitis,,,,,
C1851731,Generalized overgrowth,,,,,
C0011615,"Dermatitis, Atopic",,,,,
C0035579,Rickets,,,,,
C0034372,Quadriplegia,,,,,
C2749675,Cortical gyral simplification,,,,,
C0409354,Flexion contracture of hip,,,,,
C0023467,"Leukemia, Myelocytic, Acute",,,,,
C1857108,Decreased joint mobility,,,,,
C0243050,Cardiovascular Abnormalities,,,,,
C0007222,Cardiovascular Diseases,,,,,
C0242184,Hypoxia,,,,,
C0239946,"Fibrosis, Liver",,,,,
C0277799,Intermittent fever,,,,,
C0424711,Orbital separation diminished,,,,,
C0162298,Joint stiffness,,,,,
C0751401,Ophthalmoparesis,,,,,
C0025149,Medulloblastoma,,,,,
C0850715,Abnormality of blood and blood-forming tissues,,,,,
C0024636,Malocclusion,,,,,
C1853487,Bushy eyebrows,,,,,
C0281966,reproductive system abnormality,,,,,
C0025323,Menorrhagia,,,,,
C0025322,Premature Menopause,,,,,
C0004238,Atrial Fibrillation,,,,,
C0004943,Behcet Syndrome,,,,,
C1844505,Pointed chin,,,,,
C0162835,Hypopigmentation disorder,,,,,
C0343073,Wooly hair,,,,,
C0042514,"Tachycardia, Ventricular",,,,,
C0042510,Ventricular Fibrillation,,,,,
C0013421,Dystonia,,,,,
C1848178,Female external genitalia in males,,,,,
C0239234,Low set ears,,,,,
C0022679,Cystic kidney,,,,,
C0027643,"Neoplasm Recurrence, Local",,,,,
C1840379,Cerebellar vermis hypoplasia,,,,,
C4021782,Abnormality of the fingernails,,,,,
C4021780,Abnormality of the liver,,,,,
C4021786,Atypical scarring of skin,,,,,
C4021785,Abnormality of the metacarpal bones,,,,,
C0151514,Atrophic condition of skin,,,,,
C0013132,Drooling,,,,,
C0236736,Cocaine-Related Disorders,,,,,
C0241772,"Reflex, Deep Tendon, Absent",,,,,
C0018817,Atrial Septal Defects,,,,,
C0009319,Colitis,,,,,
C3665347,Visual Impairment,,,,,
C3665349,Secondary hypothyroidism,,,,,
C1720887,Female Urogenital Diseases,,,,,
C0432333,Abnormal dermatoglyphic pattern,,,,,
C0003119,Anophthalmos,,,,,
C1864985,Progressive disorder,,,,,
C0542518,Enlarged kidney,,,,,
C0542514,Blue sclera,,,,,
C1835047,"MELANOMA, CUTANEOUS MALIGNANT, 1",,,,,
C3160718,"PARKINSON DISEASE, LATE-ONSET",,,,,
C0270948,Neurogenic Muscular Atrophy,,,,,
C1849039,Metaphyseal widening,,,,,
C4024780,Almond-shaped eyes,,,,,
C1956257,Pulmonary Stenosis,,,,,
C0581381,Recurrent upper respiratory tract infection,,,,,
C0266589,Congenital ear anomaly NOS (disorder),,,,,
C4082299,Bulbar palsy,,,,,
C0036454,Scotoma,,,,,
C4025787,Skull defect,,,,,
C0240912,Vertical Talus,,,,,
C4280630,Pinched bridge of nose,,,,,
C4280636,Hypertrophy of supraorbital ridge,,,,,
C4280637,Hypertrophy of supraorbital margins,,,,,
C4280638,Hyperplasia of supraorbital ridge,,,,,
C4280639,Hyperplasia of supraorbital margins,,,,,
C0010043,Corneal Ulcer,,,,,
C0019196,Hepatitis C,,,,,
C0015672,Fatigue,,,,,
C4280456,Dysplasia of tooth enamel,,,,,
C4280457,Defective enamel matrix,,,,,
C0020255,Hydrocephalus,,,,,
C0271196,"Scotoma, Centrocecal",,,,,
C0395837,Stenosis of external auditory canal,,,,,
C4021956,Aplasia/Hypoplasia of the eyebrow,,,,,
C3536741,Discordant ventriculoarterial connection,,,,,
C3806482,Recurrent respiratory infections,,,,,
C1389113,Generalized amyotrophy,,,,,
C0684276,Hypsarrhythmia,,,,,
C0022116,Ischemia,,,,,
C0009918,Contracture of joint,,,,,
C0151891,Retinal depigmentation,,,,,
C0006157,Breech Presentation,,,,,
C0476403,Electromyogram abnormal,,,,,
C0020649,Hypotension,,,,,
C0271650,Impaired glucose tolerance,,,,,
C0525045,Mood Disorders,,,,,
C0041667,Underweight,,,,,
C1834055,Thin hypoplastic alae nasi,,,,,
C0235659,Reduced fetal movement,,,,,
C0035078,Kidney Failure,,,,,
C4023786,Elevated levels of phytanic acid,,,,,
C0030293,Pancreatic Insufficiency,,,,,
C0030297,Pancreatic Neoplasm,,,,,
C4011556,Eyebrow abnormalities,,,,,
C1851868,Reduced tensile strength of hair,,,,,
C1846821,Coagulation abnormalities,,,,,
C0554972,Large auricle,,,,,
C0554970,Pallor of optic disc,,,,,
C0423109,Upward slant of palpebral fissure,,,,,
C0424731,Single transverse palmar crease,,,,,
C0456070,Growth delay,,,,,
C0019569,Hirschsprung Disease,,,,,
C0553723,Squamous cell carcinoma of skin,,,,,
C0747078,Generalized osteopenia,,,,,
C0001206,Acromegaly,,,,,
C0004782,Basal Ganglia Diseases,,,,,
C0426414,Small nose,,,,,
C0426415,Large nose,,,,,
C1263846,Attention deficit hyperactivity disorder,,,,,
C0028960,Oligospermia,,,,,
C1861063,"TOBACCO ADDICTION, SUSCEPTIBILITY TO (finding)",,,,,
C0026106,Mild Mental Retardation,,,,,
C4021546,Abnormal mitochondria in muscle tissue,,,,,
C1838993,Episodic vomiting,,,,,
C1837352,Childhood onset,,,,,
C3839753,Abnormality of nail of toe,,,,,
C0013405,"Dyspnea, Paroxysmal",,,,,
C0013404,Dyspnea,,,,,
C0018834,Heartburn,,,,,
C3278509,Spinal fusion,,,,,
C1845847,Coarse facial features,,,,,
C0344312,White forelock,,,,,
C0344315,Depressed mood,,,,,
C0432355,Hypoplasia of nipple,,,,,
C0158113,Contracture of joint of hand,,,,,
C3887611,Restlessness,,,,,
C0678222,Breast Carcinoma,,,,,
C1621895,Adrenal hyperplasia,,,,,
C0020507,Hyperplasia,,,,,
C0020505,Hyperphagia,,,,,
C1836542,Depressed nasal bridge,,,,,
C0016382,Flushing,,,,,
C0270921,Axonal neuropathy,,,,,
C0265654,Tarsal Coalition,,,,,
C2700617,Irritation - emotion,,,,,
C1868085,Craniofacial hyperostosis,,,,,
C0341787,Bifid scrotum,,,,,
C0024421,Macroglossia,,,,,
C4230640,Convex nasal bridge,,,,,
C1853383,Tented mouth,,,,,
C4280616,Large elongated pulp chamber,,,,,
C4280617,Tooth mass arch size discrepancy,,,,,
C4280614,Angle class 2 malocclusion,,,,,
C4280615,Defective tooth enamel,,,,,
C4280612,Decreased width of tooth,,,,,
C1854387,Type 1 muscle fiber predominance,,,,,
C4280611,Decreased size of teeth,,,,,
C0036651,Senile lentigo,,,,,
C4280618,Inadequate arch length for tooth size,,,,,
C0010068,Coronary heart disease,,,,,
C0423820,Ridged nails,,,,,
C0021368,Inflammation,,,,,
C0021364,Male infertility,,,,,
C0162316,Iron deficiency anemia,,,,,
C1836296,Weakness of lower limb,,,,,
C0751617,Semilobar Holoprosencephaly,,,,,
C1960469,Left ventricular noncompaction,,,,,
C1398325,Absent auditory canals,,,,,
C0033687,Proteinuria,,,,,
C4020888,Epithelial corneal erosions,,,,,
C4020887,Photodysphoria,,,,,
C4020886,Defective or absent horizontal voluntary eye movements,,,,,
C4020884,Anxiety disease,,,,,
C4048268,Cortical visual impairment,,,,,
C0728829,Congenital pes cavus,,,,,
C0033975,Psychotic Disorders,,,,,
C1837658,Gross motor development delay,,,,,
C4022012,Death in early adulthood,,,,,
C4022018,Telangiectasia of the skin,,,,,
C0856975,Autistic behavior,,,,,
C0685695,Abnormal lung lobation,,,,,
C0553706,SERUM PHOSPHATE ELEVATED,,,,,
C0010520,Cyanosis,,,,,
C0431483,Simple ear,,,,,
C2674432,Decreased bone mineral density Z score,,,,,
C0266463,Lissencephaly,,,,,
C0266464,Polymicrogyria,,,,,
C1839039,Highly variable clinical phenotype,,,,,
C0155552,"Hearing Loss, Mixed Conductive-Sensorineural",,,,,
C0035828,Romano-Ward Syndrome,,,,,
C0026837,Muscle Rigidity,,,,,
C1879312,Agyria,,,,,
C1853737,Prominent occiput,,,,,
C0240896,Fundus coloboma,,,,,
C0240897,Retinal exudates,,,,,
C1853738,Long eyelashes,,,,,
C1842003,Subclinical abnormal liver function tests,,,,,
C4275179,Young onset Parkinson disease,,,,,
C1858729,Decreased motor NCV,,,,,
C0152021,Congenital heart disease,,,,,
C0152025,Polyneuropathy,,,,,
C0037293,Skin tag,,,,,
C0010200,Coughing,,,,,
C0028949,Oligomenorrhea,,,,,
C0086437,Joint laxity,,,,,
C0022638,Ketosis,,,,,
C0086438,Hypogammaglobulinemia,,,,,
C0086439,Hypokinesia,,,,,